-- phpMyAdmin SQL Dump
-- version 4.2.11
-- http://www.phpmyadmin.net
--
-- Host: localhost
-- Generation Time: May 15, 2015 at 03:33 AM
-- Server version: 5.5.42-cll
-- PHP Version: 5.3.29

SET SQL_MODE = "NO_AUTO_VALUE_ON_ZERO";
SET time_zone = "+00:00";


/*!40101 SET @OLD_CHARACTER_SET_CLIENT=@@CHARACTER_SET_CLIENT */;
/*!40101 SET @OLD_CHARACTER_SET_RESULTS=@@CHARACTER_SET_RESULTS */;
/*!40101 SET @OLD_COLLATION_CONNECTION=@@COLLATION_CONNECTION */;
/*!40101 SET NAMES utf8 */;

--
-- Database: `planetme_lab-support`
--

-- --------------------------------------------------------

--
-- Table structure for table `Account_Data`
--

CREATE TABLE IF NOT EXISTS `Account_Data` (
`Account_ID` int(5) NOT NULL,
  `Account_Type` int(1) NOT NULL,
  `Username` varchar(15) NOT NULL,
  `Password` varchar(300) NOT NULL COMMENT '300 chars to store a hashed password',
  `Email` varchar(100) NOT NULL
) ENGINE=InnoDB AUTO_INCREMENT=501 DEFAULT CHARSET=latin1;

--
-- Dumping data for table `Account_Data`
--

INSERT INTO `Account_Data` (`Account_ID`, `Account_Type`, `Username`, `Password`, `Email`) VALUES
(3, 2, 'Killer', '$2y$10$dt7iUZhrcUdSsnvvobw9x.jX/K9oiT7LJKWqSoh5FY0ikY0CcqIH2', 'makeno@mistake.jp'),
(5, 2, 'Miku', '$2y$10$qk41KWxKjUFZCrYTqyKM5O86ClZJin5GJwV4cnSHOchLpd3xr597.', 'voca@loid.co.uk'),
(8, 0, 'Admin', '$2y$10$dt7iUZhrcUdSsnvvobw9x.jX/K9oiT7LJKWqSoh5FY0ikY0CcqIH2', 'admin@comsci.cf.ac.uk'),
(87, 2, 'ForrestAliceK30', 'create_PSW_Later', 'afr@qert.com'),
(88, 2, 'VorrenDorine60', 'create_PSW_Later', 'adr@zxc.com'),
(91, 4, 'CampbellDeanS63', 'create_PSW_Later', 'dc1@zzz.com'),
(93, 4, 'StoneSharon76', 'create_PSW_Later', 'shjhs@abc.com'),
(94, 4, 'PowellAndy79', '$2y$10$CSgv6N6L8ErqJiAcdZYktOXqmokQrgTOrz/oubgj7q.4X0KoQlX2e', 'ap@xxx.com'),
(95, 0, 'NorbertJohn95', 'create_PSW_Later', 'jn@aaa.com'),
(97, 3, 'BlokeAndrew12', 'create_PSW_Later', 'ab@sss.com'),
(98, 4, 'DorisLornaM61', 'create_PSW_Later', 'ld@ddd.com'),
(100, 2, 'OlivierSimona86', 'create_PSW_Later', 'so@dr.com'),
(109, 4, 'TereshkovaVal64', 'create_PSW_Later', 'vt@fff.com'),
(110, 2, 'ProbertJackB93', '$2y$10$Wr6qzaZ62HDlhLZ4HKuY5OLU42H5cDkcwQZpd2FfxZgMdZSGMxgie', 'jp@cnm.com'),
(111, 2, 'AndersonPeter60', 'create_PSW_Later', 'ppa@ccc.com'),
(115, 2, 'TwistOliver69', 'create_PSW_Later', 'ot@njl.com'),
(116, 2, 'SimpsonEricT57', 'create_PSW_Later', 'es@xxx.com'),
(117, 2, 'LeftleyJim53', 'create_PSW_Later', 'jl@ddd.com'),
(118, 2, 'BainbridgeNei49', 'create_PSW_Later', 'nb@aaa.com'),
(119, 2, 'BergMaria8', 'create_PSW_Later', 'mb@anm.com'),
(120, 2, 'MiaDonnaI13', '$2y$10$jOhzeWBa1pvfLh7MIjfFb.5ofcFr56ppcm/ay7Eff3BbrWHQvaDb2', 'dm@aaa.com'),
(123, 0, 'PriceLoren36', 'create_PSW_Later', 'lp@admin.com'),
(124, 2, 'GoingEasy51', 'create_PSW_Later', 'eg@klm.com'),
(126, 3, 'WizzTech10', '$2y$10$7mjSvT6uHgfA8daKhHzqhupDzM2FF2CQPa9e8YedjZefXGq4QNo8q', 'tw@ggg.com'),
(128, 4, 'TwistOliver57', 'create_PSW_Later', 'ot@njl.com'),
(129, 0, 'StonePaula197', 'create_PSW_Later', 'ps@lll.com'),
(130, 2, 'MyersStanley49', 'create_PSW_Later', 'sm@ooo.com'),
(146, 2, 'GymbobsBob84', 'create_PSW_Later', 'bg@acv.com'),
(147, 2, 'TannerBrodie31', 'create_PSW_Later', 'bt@xvbc.com'),
(161, 4, 'GreenRobertF300', 'create_PSW_Later', 'rg@prof.com'),
(162, 3, 'RednoseRudol902', 'create_PSW_Later', 'rr@sdf.com'),
(164, 2, 'MyersStenley450', 'create_PSW_Later', 'sm@ooo.com'),
(165, 2, 'SomovaRimma742', 'create_PSW_Later', 'rs123@nnn.com'),
(166, 0, 'DavidsonAmyA109', 'create_PSW_Later', 'aad@abc.com'),
(168, 0, 'BloggsFredV500', 'create_PSW_Later', 'fvb@hug.com'),
(169, 2, 'RooseveltCla819', 'create_PSW_Later', 'cbr@abc.com'),
(170, 0, 'StarrMonica411', 'create_PSW_Later', 'ms@ccc.com'),
(171, 0, 'MartynovaEle997', 'create_PSW_Later', 'enm@ddd.com'),
(172, 2, 'MorrenoChris591', 'create_PSW_Later', 'cm123@xxx.com'),
(173, 4, 'StoltsAdelin427', 'create_PSW_Later', 'acs@fff.com'),
(174, 2, 'FrostRebecca709', 'create_PSW_Later', 'rmf1@ddd.com'),
(175, 4, 'GymbobsBob635', 'create_PSW_Later', 'bg@acv.com'),
(176, 0, 'ConnerySean826', 'create_PSW_Later', 'sc@asd.com'),
(177, 4, 'SmithWillI724', 'create_PSW_Later', 'ws@bbb.com'),
(178, 4, 'SmithWillI1187', 'create_PSW_Later', 'wis@som.com'),
(179, 3, 'PalineIreneD244', 'create_PSW_Later', 'idp@vvv.com'),
(183, 2, 'WallisVictor758', 'create_PSW_Later', 'vvw@xcv.com'),
(184, 2, 'YatesNickC585', 'create_PSW_Later', 'ncy@iii.com'),
(185, 2, 'MonkMerryB542', 'create_PSW_Later', 'mbm@ggg.com'),
(186, 2, 'LynnDelia225', 'create_PSW_Later', 'dl123@ghj.com'),
(188, 0, 'NormanJennaC775', 'create_PSW_Later', 'jcn@ytu.com'),
(189, 2, 'CornwallDarr788', 'create_PSW_Later', 'dcc@sjg.com'),
(190, 4, 'SmirnoffRobe811', 'create_PSW_Later', 'rs@dghf.com'),
(191, 3, 'BasilioTedJ542', 'create_PSW_Later', 'tb@ghj.com'),
(193, 2, 'TacoonCory425', 'create_PSW_Later', 'ct@asd.com'),
(194, 2, 'GoodRobin124', 'create_PSW_Later', 'rg@cnv.com'),
(195, 2, 'HuntStacyN649', 'create_PSW_Later', 'snh@sdf.com'),
(196, 2, 'BluesMoody570', 'create_PSW_Later', 'mb@dgh.com'),
(197, 2, 'PaceSteady318', '$2y$10$PkTOxBDfIPCIQK5enY925u/HIBnqY1hsx2WoiYDC91UlsyP6m2w46', 'sp@fgh.com'),
(198, 2, 'RoyalElizabe312', 'create_PSW_Later', 'eiir@xbg.com'),
(199, 2, 'LaravelCourt491', 'create_PSW_Later', 'cgl@ghj.com'),
(200, 2, 'MorganTia319', 'create_PSW_Later', 'tm@asd.com'),
(456, 3, 'testTech', '123', 'tech123@testing.com'),
(460, 2, 'TrumanRoy294', 'create_PSW_Later', 'rt@abn.com'),
(461, 4, 'ForeverLove708', 'create_PSW_Later', 'lf@nmv.com'),
(462, 3, 'CoggsCleverP940', 'create_PSW_Later', 'cpc@asd.com'),
(465, 1, 'Aled', 'pass', 'pass@aled.com'),
(466, 1, 'AAAa106', '$2y$10$qk41KWxKjUFZCrYTqyKM5O86ClZJin5GJwV4cnSHOchLpd3xr597.', 'asl@lsls.com'),
(467, 1, 'BBBBBB809', '$2y$10$qk41KWxKjUFZCrYTqyKM5O86ClZJin5GJwV4cnSHOchLpd3xr597.', 'b@live.co.uk'),
(468, 1, 'CCCCCC301', '$2y$10$qk41KWxKjUFZCrYTqyKM5O86ClZJin5GJwV4cnSHOchLpd3xr597.', 'c@livr.co.uk'),
(469, 1, 'DDDDDD962', 'create_PSW_Later', 'd@livr.co.uk'),
(470, 1, 'EEEEEE480', '$2y$10$DVsM8XYisitbd9QI9RcUC.8hKo17l5somXfI5VzO09qVhM8wf0/cG', 'c@livr.co.uk'),
(471, 1, 'FFFFFF291', '$2y$10$r9o90GuOKBie9uWpCn9bpuhwseS7wzpPqZ.UUW0HWoptgQEGhAILe', 'c@livr.co.uk'),
(472, 1, 'GGGGGG543', '$2y$10$SOh1t9bbm0ug5YJ0kyJOyuav2sYngfzYVfx0qeYU2unsPES1vfFw.', 'c@livr.co.uk'),
(473, 1, 'HHHHHH694', '$2y$10$0hq7iO7TxzQz6mto0RjH8uRSJm83YsRKnxjqb.NXR7uHyS6e7A8r6', 'bbb@livr.co.uk'),
(474, 1, 'IIIIII827', '$2y$10$yuvqwO8iSfe6dGbxj6khUuBjt.thguuoKmRSwDmMTLw0KhMbbLqzC', 'c@livr.co.uk'),
(475, 1, 'JJJJJJ501', '$2y$10$1aycedPFuZCbS3UwGJrFBuFtecNP5xorxvBnvt7VH.NtA.6b1JPzu', 'c@livr.co.uk'),
(476, 1, 'KKKKKK602', '$2y$10$KxlcGehlWrYHe9gBrYAvReQil/MKMb6kCn/gMyyNKODVpU/2Uu6Pi', 'c@livr.co.uk'),
(477, 1, 'LLLLLLL731', '$2y$10$KxlcGehlWrYHe9gBrYAvReQil/MKMb6kCn/gMyyNKODVpU/2Uu6Pi', 'c@livr.co.uk'),
(478, 1, 'MMMMMM758', '$2y$10$KxlcGehlWrYHe9gBrYAvReQil/MKMb6kCn/gMyyNKODVpU/2Uu6Pi', 'c@livr.co.uk'),
(479, 1, 'NNNNNN319', '$2y$10$DlvjKEbuUkIXzAmoSW19L.pNh1VTpB7p12oBQHdN.kW0fgL1CcaTe', 'c@livr.co.uk'),
(480, 1, 'OOOOOO460', '$2y$10$3q3ZKFdQyJuEZuUwrhNO0.IKJpzTdlYw2Kr7p9Q3S2IzCSVlAjup2', 'c@livr.co.uk'),
(481, 1, 'PPPPPP280', '$2y$10$vlT8Ze0IxkQQ4Vio4fP68u1EUQEdiQnFINCA.fUVahIAa9233cJxi', 'c@livr.co.uk'),
(482, 1, 'JerryTestHas200', '$2y$10$qljUSDbtoRu25C3NeDeGCu5MGKdvvcJInvlpDQD5TNf2OTAFApnbi', 'tjerry@hotmail.com'),
(483, 1, 'asdqweqwasda708', 'create_PSW_Later', 'asdaseqwe@sad.com'),
(484, 1, 'JerryTestHas806', '$2y$10$aj44sRr11sb1J9ee8Vazk.hidR7ugrYo.Exdlbv9azZiJAoeH6erq', 'test23@dase.com'),
(485, 1, 'qweqeasdqwe730', '$2y$10$O7k2FC2waClYVupeSNN0Deb41dDeuwdbonNXaoKhPRS7hgbuBAtr2', 'asda@gsdrwe.com'),
(486, 3, 'TechyTech1TC449', '$2y$10$FRAOKMwX6wxAxZtyW1UVrOymtgBeAPCWYBPtGD67oKSO.ucUkkZg.', 'texhy@gfrtw.com'),
(487, 1, 'TestphdSt1268', '$2y$10$mHSdnXp1SmjIE6GWonzWfOFybj5U8j.3hY5zPji.8Kpce5/RjoqSm', 'phtest@hotma.com'),
(488, 3, 'GuyTech974', '$2y$10$4ht2NnlBRbHdanZnqbSEaeaolV0Sq522av9I6XMc6uAf7KXUF48.W', 'techy24@hotmail.com'),
(490, 1, 'evansPaulpe889', '$2y$10$ZjveKTnl7ZPzPbQEwpUMNuGJxSDY0vnKzq8On0HnspKZHcNzrNcIW', 'PE@live.co.uk'),
(491, 1, 'StudentTestS130', '$2y$10$NOonn3dxzOGMF3VsNbWA7egjLWED94Ay/qN4dShRRCVMLBMxCrDpa', 'asdas@fad.com'),
(492, 1, 'JamesDanDJ765', '$2y$10$t1PC9LpXULaNszMFuZlGrOmYHRpHmPt4Cw4VPHx/J2/MGaO5eFThy', 'DJ@massive.co.uk'),
(493, 1, 'DanielsBenBD654', '$2y$10$3OaUsnkllpYi7amdTjzo7u4OqWxQgvReUBQ/fnEi1p4X78XqJ8G32', 'bd@live.co.uk'),
(494, 1, 'shannonssams140', '$2y$10$iBZVYMiTZiBU1NYnRUZjjuIpT1UJMPnX5EF0wULBQHtsb.ucToqSS', 'ss@live.co.uk'),
(495, 1, 'WonderlandAl589', '$2y$10$chwmrdTQkR3heVHsfw9ESeG.dnaFuXRi8FUufG1uEJ1sG51v6fLpq', 'aw@ABC.com'),
(496, 0, 'SmileyAngela535', '$2y$10$9tuUEWXnEAHZIj8AoVv31OLTXocOttv40j32wk/VmpCDhmUCBtNvu', 'as@asd.co.uk'),
(497, 1, 'RileyShannon856', '$2y$10$bRa5ltqC2z90jwf46wIXFOUx1Eq51tAS4XOq3n16kR.hJdqoeUfuS', 'sriley@google.com'),
(498, 1, 'SwanDiana124', '$2y$10$vRedvrQ3l8Dtt38u18z6SOzJypAWTEut8fqo2EqKf90l5AYBzkor2', 'D.S_123@mymail.co.uk'),
(499, 0, 'FiorentinaFi876', '$2y$10$oqYGUCZADu6vF7HZLCyNSuQVGTknGNA72LVcfanbkxKIBRIZm0wrW', 'fiona567@post.me'),
(500, 2, 'MorrisonStev553', '$2y$10$ed1OFphuileaMfjRcUGxxe2Tas99C9pqINAocj7SI8oeqD0H9r6u2', 's_morrison@email.com');

-- --------------------------------------------------------

--
-- Table structure for table `Admin`
--

CREATE TABLE IF NOT EXISTS `Admin` (
  `Account_ID` int(5) NOT NULL,
  `Title` varchar(4) NOT NULL DEFAULT 'Mr',
  `Forename` varchar(15) NOT NULL,
  `Initial` varchar(2) DEFAULT NULL,
  `Surname` varchar(15) NOT NULL
) ENGINE=InnoDB DEFAULT CHARSET=latin1;

--
-- Dumping data for table `Admin`
--

INSERT INTO `Admin` (`Account_ID`, `Title`, `Forename`, `Initial`, `Surname`) VALUES
(8, 'Miss', 'Lauren', NULL, 'Space'),
(95, 'Mr', 'John', NULL, 'Norbert'),
(123, 'Mrs', 'Loren', NULL, 'Price'),
(129, 'Mrs', 'Paula', NULL, 'Stone'),
(166, 'Miss', 'Amy', 'A.', 'Davidson'),
(168, 'Mr', 'Fred', 'V.', 'Bloggs'),
(170, 'Miss', 'Monica', NULL, 'Starr'),
(171, 'Ms', 'Elena', 'N.', 'Martynova'),
(176, 'Mr', 'Sean', NULL, 'Connery'),
(188, 'Miss', 'Jenna', 'C.', 'Norman'),
(496, 'Ms', 'Angela', NULL, 'Smiley'),
(499, 'Miss', 'Fiona', 'F', 'Fiorentina');

-- --------------------------------------------------------

--
-- Table structure for table `Allocations`
--

CREATE TABLE IF NOT EXISTS `Allocations` (
`Allocation_ID` int(5) NOT NULL,
  `Session_ID` int(5) NOT NULL,
  `Account_ID` int(5) NOT NULL,
  `Status` varchar(10) NOT NULL
) ENGINE=InnoDB AUTO_INCREMENT=3265 DEFAULT CHARSET=latin1;

--
-- Dumping data for table `Allocations`
--

INSERT INTO `Allocations` (`Allocation_ID`, `Session_ID`, `Account_ID`, `Status`) VALUES
(2519, 2, 466, 'Confirmed'),
(2520, 2, 480, 'Confirmed'),
(2521, 2, 481, 'Confirmed'),
(2522, 219, 469, 'Confirmed'),
(2523, 219, 476, 'Confirmed'),
(2524, 220, 473, 'Confirmed'),
(2525, 241, 467, 'Confirmed'),
(2526, 241, 476, 'Confirmed'),
(2527, 252, 469, 'Confirmed'),
(2528, 252, 476, 'Confirmed'),
(2529, 252, 493, 'Confirmed'),
(2530, 263, 466, 'Confirmed'),
(2531, 263, 493, 'Confirmed'),
(2532, 270, 467, 'Confirmed'),
(2533, 270, 470, 'Confirmed'),
(2534, 277, 466, 'Confirmed'),
(2535, 277, 470, 'Confirmed'),
(2536, 284, 478, 'Confirmed'),
(2537, 284, 493, 'Confirmed'),
(2538, 291, 466, 'Confirmed'),
(2539, 298, 471, 'Confirmed'),
(2540, 298, 493, 'Confirmed'),
(2541, 305, 473, 'Confirmed'),
(2542, 312, 471, 'Confirmed'),
(2543, 312, 493, 'Confirmed'),
(2544, 319, 480, 'Confirmed'),
(2545, 319, 493, 'Confirmed'),
(2548, 341, 467, 'Confirmed'),
(2549, 341, 473, 'Confirmed'),
(2550, 341, 476, 'Confirmed'),
(2551, 352, 467, 'Confirmed'),
(2552, 352, 468, 'Confirmed'),
(2553, 363, 470, 'Confirmed'),
(2554, 375, 473, 'Confirmed'),
(2555, 387, 472, 'Confirmed'),
(2556, 398, 478, 'Confirmed'),
(2557, 1, 471, 'Confirmed'),
(2558, 220, 467, 'Confirmed'),
(2559, 298, 479, 'Confirmed'),
(2560, 375, 468, 'Confirmed'),
(2561, 71, 466, 'Confirmed'),
(2562, 71, 473, 'Confirmed'),
(2563, 71, 493, 'Confirmed'),
(2564, 81, 466, 'Confirmed'),
(2565, 81, 473, 'Confirmed'),
(2566, 91, 470, 'Confirmed'),
(2567, 91, 471, 'Confirmed'),
(2568, 101, 470, 'Confirmed'),
(2569, 101, 478, 'Confirmed'),
(2570, 111, 472, 'Confirmed'),
(2571, 121, 470, 'Confirmed'),
(2572, 121, 472, 'Confirmed'),
(2573, 131, 480, 'Confirmed'),
(2574, 142, 478, 'Confirmed'),
(2575, 152, 466, 'Confirmed'),
(2576, 152, 471, 'Confirmed'),
(2577, 221, 466, 'Confirmed'),
(2578, 221, 476, 'Confirmed'),
(2579, 222, 468, 'Confirmed'),
(2580, 222, 473, 'Confirmed'),
(2581, 242, 473, 'Confirmed'),
(2582, 242, 476, 'Confirmed'),
(2583, 253, 469, 'Confirmed'),
(2584, 253, 493, 'Confirmed'),
(2585, 264, 467, 'Confirmed'),
(2586, 271, 466, 'Confirmed'),
(2587, 271, 470, 'Confirmed'),
(2588, 278, 470, 'Confirmed'),
(2589, 278, 493, 'Confirmed'),
(2590, 285, 466, 'Confirmed'),
(2591, 285, 475, 'Confirmed'),
(2592, 292, 478, 'Confirmed'),
(2593, 299, 471, 'Confirmed'),
(2594, 306, 471, 'Confirmed'),
(2595, 313, 471, 'Confirmed'),
(2596, 320, 468, 'Confirmed'),
(2597, 320, 493, 'Confirmed'),
(2598, 331, 468, 'Confirmed'),
(2599, 331, 479, 'Confirmed'),
(2600, 342, 468, 'Confirmed'),
(2601, 342, 469, 'Confirmed'),
(2602, 342, 476, 'Confirmed'),
(2603, 353, 468, 'Confirmed'),
(2604, 353, 480, 'Confirmed'),
(2605, 364, 471, 'Confirmed'),
(2606, 376, 472, 'Confirmed'),
(2607, 376, 493, 'Confirmed'),
(2608, 388, 472, 'Confirmed'),
(2609, 399, 478, 'Confirmed'),
(2610, 410, 470, 'Confirmed'),
(2611, 410, 473, 'Confirmed'),
(2612, 420, 474, 'Confirmed'),
(2613, 420, 480, 'Confirmed'),
(2614, 430, 469, 'Confirmed'),
(2615, 430, 477, 'Confirmed'),
(2616, 439, 472, 'Confirmed'),
(2617, 439, 480, 'Confirmed'),
(2618, 448, 481, 'Confirmed'),
(2619, 457, 472, 'Confirmed'),
(2620, 457, 477, 'Confirmed'),
(2621, 457, 480, 'Confirmed'),
(2622, 470, 479, 'Confirmed'),
(2623, 470, 480, 'Confirmed'),
(2624, 480, 478, 'Confirmed'),
(2625, 480, 493, 'Confirmed'),
(2626, 490, 477, 'Confirmed'),
(2627, 490, 478, 'Confirmed'),
(2628, 496, 473, 'Confirmed'),
(2629, 502, 481, 'Confirmed'),
(2630, 61, 469, 'Confirmed'),
(2631, 61, 473, 'Confirmed'),
(2632, 142, 467, 'Confirmed'),
(2633, 152, 478, 'Confirmed'),
(2634, 253, 466, 'Confirmed'),
(2635, 264, 475, 'Confirmed'),
(2636, 299, 466, 'Confirmed'),
(2637, 299, 475, 'Confirmed'),
(2638, 313, 479, 'Confirmed'),
(2639, 72, 466, 'Confirmed'),
(2640, 72, 473, 'Confirmed'),
(2641, 72, 493, 'Confirmed'),
(2642, 82, 470, 'Confirmed'),
(2643, 82, 473, 'Confirmed'),
(2644, 92, 470, 'Confirmed'),
(2645, 92, 471, 'Confirmed'),
(2646, 102, 466, 'Confirmed'),
(2647, 102, 478, 'Confirmed'),
(2648, 112, 471, 'Confirmed'),
(2649, 122, 471, 'Confirmed'),
(2650, 132, 480, 'Confirmed'),
(2651, 143, 478, 'Confirmed'),
(2652, 153, 471, 'Confirmed'),
(2653, 162, 476, 'Confirmed'),
(2654, 162, 493, 'Confirmed'),
(2655, 167, 469, 'Confirmed'),
(2656, 167, 473, 'Confirmed'),
(2657, 167, 476, 'Confirmed'),
(2658, 223, 468, 'Confirmed'),
(2659, 223, 476, 'Confirmed'),
(2660, 224, 471, 'Confirmed'),
(2661, 224, 476, 'Confirmed'),
(2662, 243, 473, 'Confirmed'),
(2663, 243, 493, 'Confirmed'),
(2664, 254, 466, 'Confirmed'),
(2665, 254, 473, 'Confirmed'),
(2666, 254, 493, 'Confirmed'),
(2667, 265, 470, 'Confirmed'),
(2668, 272, 467, 'Confirmed'),
(2669, 272, 470, 'Confirmed'),
(2670, 279, 466, 'Confirmed'),
(2671, 279, 467, 'Confirmed'),
(2672, 286, 468, 'Confirmed'),
(2673, 286, 469, 'Confirmed'),
(2674, 293, 478, 'Confirmed'),
(2675, 307, 476, 'Confirmed'),
(2676, 321, 468, 'Confirmed'),
(2677, 321, 480, 'Confirmed'),
(2678, 332, 479, 'Confirmed'),
(2679, 332, 493, 'Confirmed'),
(2680, 343, 467, 'Confirmed'),
(2681, 343, 468, 'Confirmed'),
(2682, 343, 476, 'Confirmed'),
(2683, 354, 467, 'Confirmed'),
(2684, 354, 480, 'Confirmed'),
(2685, 365, 473, 'Confirmed'),
(2686, 377, 470, 'Confirmed'),
(2687, 377, 472, 'Confirmed'),
(2688, 389, 472, 'Confirmed'),
(2689, 400, 478, 'Confirmed'),
(2690, 411, 470, 'Confirmed'),
(2691, 411, 475, 'Confirmed'),
(2692, 421, 472, 'Confirmed'),
(2693, 421, 479, 'Confirmed'),
(2694, 431, 472, 'Confirmed'),
(2695, 431, 478, 'Confirmed'),
(2696, 440, 475, 'Confirmed'),
(2697, 440, 481, 'Confirmed'),
(2698, 449, 493, 'Confirmed'),
(2699, 458, 471, 'Confirmed'),
(2700, 458, 477, 'Confirmed'),
(2701, 458, 479, 'Confirmed'),
(2702, 471, 469, 'Confirmed'),
(2703, 471, 480, 'Confirmed'),
(2704, 481, 472, 'Confirmed'),
(2705, 481, 475, 'Confirmed'),
(2706, 497, 467, 'Confirmed'),
(2707, 503, 472, 'Confirmed'),
(2708, 62, 472, 'Confirmed'),
(2709, 62, 470, 'Confirmed'),
(2710, 122, 480, 'Confirmed'),
(2711, 143, 467, 'Confirmed'),
(2712, 153, 473, 'Confirmed'),
(2713, 153, 477, 'Confirmed'),
(2714, 162, 470, 'Confirmed'),
(2715, 265, 474, 'Confirmed'),
(2716, 300, 475, 'Confirmed'),
(2717, 300, 480, 'Confirmed'),
(2718, 300, 480, 'Confirmed'),
(2719, 314, 467, 'Confirmed'),
(2720, 314, 477, 'Confirmed'),
(2721, 63, 466, 'Confirmed'),
(2722, 63, 493, 'Confirmed'),
(2723, 73, 466, 'Confirmed'),
(2724, 73, 472, 'Confirmed'),
(2725, 73, 473, 'Confirmed'),
(2726, 83, 466, 'Confirmed'),
(2727, 83, 470, 'Confirmed'),
(2728, 103, 471, 'Confirmed'),
(2729, 103, 478, 'Confirmed'),
(2730, 113, 472, 'Confirmed'),
(2731, 123, 471, 'Confirmed'),
(2732, 133, 480, 'Confirmed'),
(2733, 144, 470, 'Confirmed'),
(2734, 144, 478, 'Confirmed'),
(2735, 172, 468, 'Confirmed'),
(2736, 172, 476, 'Confirmed'),
(2737, 176, 469, 'Confirmed'),
(2738, 176, 479, 'Confirmed'),
(2739, 176, 481, 'Confirmed'),
(2740, 180, 466, 'Confirmed'),
(2741, 188, 466, 'Confirmed'),
(2742, 196, 467, 'Confirmed'),
(2743, 196, 468, 'Confirmed'),
(2744, 204, 470, 'Confirmed'),
(2745, 204, 481, 'Confirmed'),
(2746, 212, 474, 'Confirmed'),
(2747, 212, 480, 'Confirmed'),
(2748, 225, 467, 'Confirmed'),
(2749, 225, 493, 'Confirmed'),
(2750, 226, 473, 'Confirmed'),
(2751, 244, 473, 'Confirmed'),
(2752, 244, 476, 'Confirmed'),
(2753, 255, 468, 'Confirmed'),
(2754, 255, 476, 'Confirmed'),
(2755, 255, 493, 'Confirmed'),
(2756, 266, 467, 'Confirmed'),
(2757, 273, 470, 'Confirmed'),
(2758, 273, 493, 'Confirmed'),
(2759, 280, 467, 'Confirmed'),
(2760, 280, 493, 'Confirmed'),
(2761, 287, 472, 'Confirmed'),
(2762, 287, 480, 'Confirmed'),
(2763, 294, 478, 'Confirmed'),
(2764, 308, 475, 'Confirmed'),
(2765, 315, 471, 'Confirmed'),
(2766, 322, 466, 'Confirmed'),
(2767, 322, 468, 'Confirmed'),
(2768, 344, 468, 'Confirmed'),
(2769, 344, 469, 'Confirmed'),
(2770, 344, 471, 'Confirmed'),
(2771, 355, 480, 'Confirmed'),
(2772, 366, 472, 'Confirmed'),
(2773, 390, 473, 'Confirmed'),
(2774, 401, 478, 'Confirmed'),
(2775, 412, 473, 'Confirmed'),
(2776, 412, 478, 'Confirmed'),
(2777, 422, 472, 'Confirmed'),
(2778, 422, 480, 'Confirmed'),
(2779, 432, 477, 'Confirmed'),
(2780, 441, 468, 'Confirmed'),
(2781, 441, 476, 'Confirmed'),
(2782, 450, 467, 'Confirmed'),
(2783, 459, 473, 'Confirmed'),
(2784, 459, 480, 'Confirmed'),
(2785, 459, 493, 'Confirmed'),
(2786, 472, 467, 'Confirmed'),
(2787, 472, 477, 'Confirmed'),
(2788, 482, 470, 'Confirmed'),
(2789, 482, 476, 'Confirmed'),
(2791, 56, 466, 'Confirmed'),
(2792, 56, 481, 'Confirmed'),
(2793, 64, 472, 'Confirmed'),
(2794, 64, 493, 'Confirmed'),
(2795, 74, 466, 'Confirmed'),
(2796, 74, 473, 'Confirmed'),
(2797, 74, 493, 'Confirmed'),
(2798, 84, 470, 'Confirmed'),
(2799, 84, 473, 'Confirmed'),
(2800, 94, 472, 'Confirmed'),
(2801, 104, 466, 'Confirmed'),
(2802, 104, 478, 'Confirmed'),
(2803, 114, 472, 'Confirmed'),
(2804, 124, 471, 'Confirmed'),
(2805, 134, 480, 'Confirmed'),
(2806, 145, 470, 'Confirmed'),
(2807, 145, 478, 'Confirmed'),
(2808, 155, 471, 'Confirmed'),
(2809, 173, 469, 'Confirmed'),
(2810, 173, 493, 'Confirmed'),
(2811, 177, 469, 'Confirmed'),
(2812, 177, 479, 'Confirmed'),
(2813, 177, 481, 'Confirmed'),
(2814, 181, 466, 'Confirmed'),
(2815, 197, 467, 'Confirmed'),
(2816, 197, 468, 'Confirmed'),
(2817, 197, 480, 'Confirmed'),
(2818, 205, 481, 'Confirmed'),
(2819, 213, 473, 'Confirmed'),
(2820, 213, 474, 'Confirmed'),
(2821, 227, 468, 'Confirmed'),
(2822, 227, 493, 'Confirmed'),
(2823, 228, 468, 'Confirmed'),
(2824, 228, 473, 'Confirmed'),
(2825, 245, 469, 'Confirmed'),
(2826, 245, 476, 'Confirmed'),
(2827, 256, 466, 'Confirmed'),
(2828, 256, 476, 'Confirmed'),
(2829, 256, 493, 'Confirmed'),
(2830, 274, 467, 'Confirmed'),
(2831, 274, 470, 'Confirmed'),
(2832, 281, 467, 'Confirmed'),
(2833, 281, 470, 'Confirmed'),
(2834, 288, 466, 'Confirmed'),
(2835, 288, 468, 'Confirmed'),
(2836, 295, 478, 'Confirmed'),
(2837, 309, 472, 'Confirmed'),
(2838, 316, 471, 'Confirmed'),
(2839, 323, 493, 'Confirmed'),
(2840, 334, 467, 'Confirmed'),
(2841, 334, 468, 'Confirmed'),
(2842, 345, 469, 'Confirmed'),
(2843, 345, 471, 'Confirmed'),
(2844, 345, 476, 'Confirmed'),
(2845, 356, 480, 'Confirmed'),
(2846, 367, 472, 'Confirmed'),
(2847, 379, 471, 'Confirmed'),
(2848, 379, 473, 'Confirmed'),
(2849, 402, 478, 'Confirmed'),
(2850, 413, 473, 'Confirmed'),
(2851, 413, 474, 'Confirmed'),
(2852, 423, 468, 'Confirmed'),
(2853, 423, 478, 'Confirmed'),
(2854, 433, 474, 'Confirmed'),
(2855, 433, 477, 'Confirmed'),
(2856, 442, 476, 'Confirmed'),
(2857, 442, 480, 'Confirmed'),
(2858, 451, 479, 'Confirmed'),
(2859, 460, 469, 'Confirmed'),
(2860, 460, 478, 'Confirmed'),
(2861, 460, 480, 'Confirmed'),
(2862, 473, 475, 'Confirmed'),
(2863, 473, 481, 'Confirmed'),
(2864, 483, 471, 'Confirmed'),
(2865, 483, 472, 'Confirmed'),
(2866, 491, 469, 'Confirmed'),
(2867, 491, 474, 'Confirmed'),
(2868, 508, 470, 'Confirmed'),
(2869, 508, 480, 'Confirmed'),
(2871, 56, 469, 'Confirmed'),
(2872, 56, 481, 'Confirmed'),
(2873, 64, 466, 'Confirmed'),
(2874, 64, 472, 'Confirmed'),
(2875, 74, 470, 'Confirmed'),
(2876, 74, 472, 'Confirmed'),
(2877, 74, 473, 'Confirmed'),
(2878, 84, 472, 'Confirmed'),
(2879, 84, 493, 'Confirmed'),
(2880, 94, 471, 'Confirmed'),
(2881, 94, 472, 'Confirmed'),
(2882, 104, 466, 'Confirmed'),
(2883, 104, 478, 'Confirmed'),
(2884, 114, 466, 'Confirmed'),
(2885, 134, 480, 'Confirmed'),
(2886, 145, 466, 'Confirmed'),
(2887, 145, 478, 'Confirmed'),
(2888, 155, 493, 'Confirmed'),
(2889, 173, 471, 'Confirmed'),
(2890, 173, 476, 'Confirmed'),
(2891, 177, 466, 'Confirmed'),
(2892, 177, 479, 'Confirmed'),
(2893, 177, 481, 'Confirmed'),
(2894, 181, 466, 'Confirmed'),
(2895, 197, 467, 'Confirmed'),
(2896, 197, 468, 'Confirmed'),
(2897, 197, 480, 'Confirmed'),
(2898, 205, 470, 'Confirmed'),
(2899, 205, 481, 'Confirmed'),
(2900, 213, 475, 'Confirmed'),
(2901, 213, 478, 'Confirmed'),
(2902, 227, 469, 'Confirmed'),
(2903, 227, 476, 'Confirmed'),
(2904, 228, 467, 'Confirmed'),
(2905, 228, 473, 'Confirmed'),
(2906, 245, 476, 'Confirmed'),
(2907, 256, 468, 'Confirmed'),
(2908, 256, 476, 'Confirmed'),
(2909, 256, 493, 'Confirmed'),
(2910, 267, 467, 'Confirmed'),
(2911, 267, 493, 'Confirmed'),
(2912, 274, 493, 'Confirmed'),
(2913, 281, 467, 'Confirmed'),
(2914, 281, 470, 'Confirmed'),
(2915, 288, 468, 'Confirmed'),
(2916, 288, 479, 'Confirmed'),
(2917, 295, 478, 'Confirmed'),
(2918, 309, 469, 'Confirmed'),
(2919, 323, 480, 'Confirmed'),
(2920, 334, 468, 'Confirmed'),
(2921, 334, 479, 'Confirmed'),
(2922, 345, 469, 'Confirmed'),
(2923, 345, 473, 'Confirmed'),
(2924, 345, 476, 'Confirmed'),
(2925, 356, 480, 'Confirmed'),
(2926, 367, 472, 'Confirmed'),
(2927, 379, 470, 'Confirmed'),
(2928, 379, 473, 'Confirmed'),
(2929, 413, 471, 'Confirmed'),
(2930, 413, 476, 'Confirmed'),
(2931, 423, 470, 'Confirmed'),
(2932, 423, 471, 'Confirmed'),
(2933, 433, 474, 'Confirmed'),
(2934, 433, 480, 'Confirmed'),
(2935, 442, 471, 'Confirmed'),
(2936, 442, 481, 'Confirmed'),
(2937, 451, 480, 'Confirmed'),
(2938, 460, 471, 'Confirmed'),
(2939, 460, 472, 'Confirmed'),
(2940, 460, 481, 'Confirmed'),
(2941, 473, 474, 'Confirmed'),
(2942, 473, 478, 'Confirmed'),
(2943, 483, 468, 'Confirmed'),
(2944, 483, 493, 'Confirmed'),
(2945, 491, 467, 'Confirmed'),
(2946, 491, 477, 'Confirmed'),
(2947, 508, 470, 'Confirmed'),
(2948, 508, 477, 'Confirmed'),
(2950, 57, 469, 'Confirmed'),
(2951, 57, 481, 'Confirmed'),
(2952, 65, 466, 'Confirmed'),
(2953, 65, 493, 'Confirmed'),
(2954, 75, 473, 'Confirmed'),
(2955, 75, 493, 'Confirmed'),
(2956, 85, 466, 'Confirmed'),
(2957, 85, 472, 'Confirmed'),
(2958, 95, 473, 'Confirmed'),
(2959, 105, 471, 'Confirmed'),
(2960, 105, 478, 'Confirmed'),
(2961, 115, 472, 'Confirmed'),
(2962, 125, 470, 'Confirmed'),
(2963, 125, 472, 'Confirmed'),
(2964, 135, 467, 'Confirmed'),
(2965, 146, 471, 'Confirmed'),
(2966, 146, 478, 'Confirmed'),
(2967, 156, 466, 'Confirmed'),
(2968, 156, 470, 'Confirmed'),
(2969, 156, 493, 'Confirmed'),
(2970, 163, 469, 'Confirmed'),
(2971, 163, 476, 'Confirmed'),
(2972, 163, 493, 'Confirmed'),
(2973, 168, 467, 'Confirmed'),
(2974, 168, 469, 'Confirmed'),
(2975, 198, 467, 'Confirmed'),
(2976, 198, 480, 'Confirmed'),
(2977, 206, 470, 'Confirmed'),
(2978, 206, 481, 'Confirmed'),
(2979, 214, 468, 'Confirmed'),
(2980, 214, 493, 'Confirmed'),
(2981, 229, 466, 'Confirmed'),
(2982, 229, 469, 'Confirmed'),
(2983, 230, 468, 'Confirmed'),
(2984, 230, 476, 'Confirmed'),
(2985, 246, 473, 'Confirmed'),
(2986, 257, 471, 'Confirmed'),
(2987, 257, 493, 'Confirmed'),
(2988, 268, 466, 'Confirmed'),
(2989, 275, 466, 'Confirmed'),
(2990, 275, 470, 'Confirmed'),
(2991, 282, 467, 'Confirmed'),
(2992, 282, 470, 'Confirmed'),
(2993, 289, 469, 'Confirmed'),
(2994, 289, 476, 'Confirmed'),
(2995, 303, 471, 'Confirmed'),
(2996, 310, 472, 'Confirmed'),
(2997, 317, 471, 'Confirmed'),
(2998, 324, 468, 'Confirmed'),
(2999, 335, 479, 'Confirmed'),
(3000, 346, 473, 'Confirmed'),
(3001, 346, 476, 'Confirmed'),
(3002, 357, 468, 'Confirmed'),
(3003, 357, 480, 'Confirmed'),
(3004, 368, 471, 'Confirmed'),
(3005, 380, 473, 'Confirmed'),
(3006, 392, 472, 'Confirmed'),
(3007, 403, 478, 'Confirmed'),
(3008, 414, 474, 'Confirmed'),
(3009, 414, 475, 'Confirmed'),
(3010, 424, 474, 'Confirmed'),
(3011, 424, 481, 'Confirmed'),
(3012, 434, 477, 'Confirmed'),
(3013, 434, 478, 'Confirmed'),
(3014, 443, 468, 'Confirmed'),
(3015, 443, 480, 'Confirmed'),
(3016, 452, 475, 'Confirmed'),
(3017, 461, 467, 'Confirmed'),
(3018, 461, 475, 'Confirmed'),
(3019, 461, 480, 'Confirmed'),
(3020, 474, 474, 'Confirmed'),
(3021, 474, 480, 'Confirmed'),
(3022, 484, 476, 'Confirmed'),
(3023, 484, 481, 'Confirmed'),
(3024, 513, 470, 'Confirmed'),
(3025, 514, 478, 'Confirmed'),
(3026, 515, 469, 'Confirmed'),
(3027, 515, 473, 'Confirmed'),
(3028, 515, 476, 'Confirmed'),
(3029, 516, 467, 'Confirmed'),
(3030, 516, 468, 'Confirmed'),
(3031, 516, 477, 'Confirmed'),
(3033, 58, 479, 'Confirmed'),
(3034, 58, 481, 'Confirmed'),
(3035, 66, 470, 'Confirmed'),
(3036, 66, 472, 'Confirmed'),
(3037, 76, 466, 'Confirmed'),
(3038, 76, 473, 'Confirmed'),
(3039, 76, 493, 'Confirmed'),
(3040, 86, 470, 'Confirmed'),
(3041, 86, 472, 'Confirmed'),
(3042, 96, 470, 'Confirmed'),
(3043, 96, 472, 'Confirmed'),
(3044, 106, 471, 'Confirmed'),
(3045, 106, 478, 'Confirmed'),
(3046, 126, 466, 'Confirmed'),
(3047, 126, 471, 'Confirmed'),
(3048, 136, 480, 'Confirmed'),
(3049, 147, 466, 'Confirmed'),
(3050, 147, 478, 'Confirmed'),
(3051, 157, 466, 'Confirmed'),
(3052, 174, 467, 'Confirmed'),
(3053, 174, 468, 'Confirmed'),
(3054, 178, 469, 'Confirmed'),
(3055, 178, 481, 'Confirmed'),
(3056, 178, 493, 'Confirmed'),
(3057, 183, 466, 'Confirmed'),
(3058, 199, 480, 'Confirmed'),
(3059, 207, 480, 'Confirmed'),
(3060, 207, 481, 'Confirmed'),
(3061, 215, 477, 'Confirmed'),
(3062, 215, 479, 'Confirmed'),
(3063, 231, 466, 'Confirmed'),
(3064, 231, 467, 'Confirmed'),
(3065, 232, 468, 'Confirmed'),
(3066, 232, 493, 'Confirmed'),
(3067, 247, 468, 'Confirmed'),
(3068, 247, 493, 'Confirmed'),
(3069, 258, 467, 'Confirmed'),
(3070, 258, 471, 'Confirmed'),
(3071, 258, 473, 'Confirmed'),
(3072, 269, 467, 'Confirmed'),
(3073, 283, 470, 'Confirmed'),
(3074, 283, 493, 'Confirmed'),
(3075, 290, 476, 'Confirmed'),
(3076, 290, 493, 'Confirmed'),
(3077, 297, 478, 'Confirmed'),
(3078, 311, 475, 'Confirmed'),
(3079, 325, 468, 'Confirmed'),
(3080, 325, 480, 'Confirmed'),
(3081, 336, 479, 'Confirmed'),
(3082, 347, 469, 'Confirmed'),
(3083, 347, 471, 'Confirmed'),
(3084, 347, 473, 'Confirmed'),
(3085, 358, 468, 'Confirmed'),
(3086, 358, 480, 'Confirmed'),
(3087, 369, 470, 'Confirmed'),
(3088, 381, 473, 'Confirmed'),
(3089, 404, 478, 'Confirmed'),
(3090, 415, 473, 'Confirmed'),
(3091, 415, 474, 'Confirmed'),
(3092, 425, 470, 'Confirmed'),
(3093, 425, 481, 'Confirmed'),
(3094, 435, 472, 'Confirmed'),
(3095, 435, 481, 'Confirmed'),
(3096, 444, 469, 'Confirmed'),
(3097, 444, 475, 'Confirmed'),
(3098, 453, 467, 'Confirmed'),
(3099, 462, 471, 'Confirmed'),
(3100, 462, 476, 'Confirmed'),
(3101, 462, 478, 'Confirmed'),
(3102, 475, 473, 'Confirmed'),
(3103, 475, 474, 'Confirmed'),
(3104, 485, 467, 'Confirmed'),
(3105, 485, 472, 'Confirmed'),
(3106, 492, 468, 'Confirmed'),
(3107, 492, 476, 'Confirmed'),
(3108, 498, 476, 'Confirmed'),
(3109, 504, 481, 'Confirmed'),
(3110, 509, 476, 'Confirmed'),
(3111, 509, 478, 'Confirmed'),
(3113, 59, 479, 'Confirmed'),
(3114, 59, 480, 'Confirmed'),
(3115, 67, 473, 'Confirmed'),
(3116, 67, 493, 'Confirmed'),
(3117, 77, 466, 'Confirmed'),
(3118, 77, 472, 'Confirmed'),
(3119, 77, 493, 'Confirmed'),
(3120, 87, 466, 'Confirmed'),
(3121, 87, 472, 'Confirmed'),
(3122, 97, 470, 'Confirmed'),
(3123, 97, 471, 'Confirmed'),
(3124, 107, 470, 'Confirmed'),
(3125, 107, 478, 'Confirmed'),
(3126, 117, 470, 'Confirmed'),
(3127, 127, 470, 'Confirmed'),
(3128, 127, 472, 'Confirmed'),
(3129, 137, 480, 'Confirmed'),
(3130, 148, 466, 'Confirmed'),
(3131, 148, 478, 'Confirmed'),
(3132, 175, 466, 'Confirmed'),
(3133, 175, 471, 'Confirmed'),
(3134, 179, 469, 'Confirmed'),
(3135, 179, 479, 'Confirmed'),
(3136, 179, 481, 'Confirmed'),
(3137, 192, 466, 'Confirmed'),
(3138, 200, 467, 'Confirmed'),
(3139, 200, 468, 'Confirmed'),
(3140, 200, 480, 'Confirmed'),
(3141, 208, 481, 'Confirmed'),
(3142, 216, 466, 'Confirmed'),
(3143, 216, 493, 'Confirmed'),
(3144, 233, 476, 'Confirmed'),
(3145, 234, 468, 'Confirmed'),
(3146, 234, 476, 'Confirmed'),
(3147, 248, 468, 'Confirmed'),
(3148, 248, 473, 'Confirmed'),
(3149, 259, 469, 'Confirmed'),
(3150, 259, 471, 'Confirmed'),
(3151, 259, 476, 'Confirmed'),
(3152, 326, 480, 'Confirmed'),
(3153, 326, 493, 'Confirmed'),
(3154, 337, 467, 'Confirmed'),
(3155, 337, 479, 'Confirmed'),
(3156, 348, 476, 'Confirmed'),
(3157, 348, 493, 'Confirmed'),
(3158, 359, 467, 'Confirmed'),
(3159, 359, 468, 'Confirmed'),
(3160, 382, 472, 'Confirmed'),
(3161, 382, 473, 'Confirmed'),
(3162, 405, 478, 'Confirmed'),
(3163, 416, 471, 'Confirmed'),
(3164, 416, 476, 'Confirmed'),
(3165, 426, 472, 'Confirmed'),
(3166, 426, 479, 'Confirmed'),
(3167, 436, 474, 'Confirmed'),
(3168, 436, 481, 'Confirmed'),
(3169, 445, 475, 'Confirmed'),
(3170, 445, 479, 'Confirmed'),
(3171, 454, 480, 'Confirmed'),
(3172, 463, 467, 'Confirmed'),
(3173, 463, 468, 'Confirmed'),
(3174, 463, 469, 'Confirmed'),
(3175, 466, 479, 'Confirmed'),
(3176, 476, 473, 'Confirmed'),
(3177, 476, 476, 'Confirmed'),
(3178, 486, 470, 'Confirmed'),
(3179, 486, 473, 'Confirmed'),
(3180, 493, 471, 'Confirmed'),
(3181, 493, 474, 'Confirmed'),
(3182, 499, 473, 'Confirmed'),
(3183, 505, 468, 'Confirmed'),
(3184, 510, 478, 'Confirmed'),
(3185, 510, 493, 'Confirmed'),
(3187, 60, 466, 'Confirmed'),
(3188, 60, 480, 'Confirmed'),
(3189, 68, 493, 'Confirmed'),
(3190, 78, 466, 'Confirmed'),
(3191, 78, 471, 'Confirmed'),
(3192, 78, 493, 'Confirmed'),
(3193, 88, 466, 'Confirmed'),
(3194, 88, 473, 'Confirmed'),
(3195, 98, 466, 'Confirmed'),
(3196, 98, 473, 'Confirmed'),
(3197, 108, 470, 'Confirmed'),
(3198, 108, 493, 'Confirmed'),
(3199, 118, 470, 'Confirmed'),
(3200, 128, 471, 'Confirmed'),
(3201, 138, 467, 'Confirmed'),
(3202, 149, 470, 'Confirmed'),
(3203, 149, 478, 'Confirmed'),
(3204, 159, 471, 'Confirmed'),
(3205, 159, 478, 'Confirmed'),
(3206, 164, 469, 'Confirmed'),
(3207, 164, 493, 'Confirmed'),
(3208, 169, 467, 'Confirmed'),
(3209, 169, 469, 'Confirmed'),
(3210, 169, 473, 'Confirmed'),
(3211, 185, 466, 'Confirmed'),
(3212, 193, 466, 'Confirmed'),
(3213, 201, 467, 'Confirmed'),
(3214, 201, 480, 'Confirmed'),
(3215, 209, 480, 'Confirmed'),
(3216, 209, 481, 'Confirmed'),
(3217, 217, 469, 'Confirmed'),
(3218, 217, 472, 'Confirmed'),
(3219, 235, 469, 'Confirmed'),
(3220, 235, 476, 'Confirmed'),
(3221, 236, 476, 'Confirmed'),
(3222, 249, 467, 'Confirmed'),
(3223, 249, 473, 'Confirmed'),
(3224, 260, 468, 'Confirmed'),
(3225, 260, 471, 'Confirmed'),
(3226, 260, 476, 'Confirmed'),
(3227, 327, 468, 'Confirmed'),
(3228, 338, 479, 'Confirmed'),
(3229, 338, 493, 'Confirmed'),
(3230, 349, 473, 'Confirmed'),
(3231, 349, 476, 'Confirmed'),
(3232, 360, 467, 'Confirmed'),
(3233, 360, 468, 'Confirmed'),
(3234, 371, 470, 'Confirmed'),
(3235, 383, 472, 'Confirmed'),
(3236, 383, 473, 'Confirmed'),
(3237, 406, 470, 'Confirmed'),
(3238, 417, 472, 'Confirmed'),
(3239, 417, 475, 'Confirmed'),
(3240, 427, 472, 'Confirmed'),
(3241, 427, 474, 'Confirmed'),
(3242, 437, 477, 'Confirmed'),
(3243, 437, 478, 'Confirmed'),
(3244, 446, 476, 'Confirmed'),
(3245, 446, 477, 'Confirmed'),
(3246, 455, 474, 'Confirmed'),
(3247, 464, 470, 'Confirmed'),
(3248, 464, 478, 'Confirmed'),
(3249, 464, 480, 'Confirmed'),
(3250, 467, 469, 'Confirmed'),
(3251, 477, 480, 'Confirmed'),
(3252, 477, 481, 'Confirmed'),
(3253, 487, 468, 'Confirmed'),
(3254, 487, 476, 'Confirmed'),
(3255, 494, 468, 'Confirmed'),
(3256, 494, 481, 'Confirmed'),
(3257, 500, 493, 'Confirmed'),
(3258, 506, 475, 'Confirmed'),
(3259, 511, 471, 'Confirmed'),
(3260, 511, 477, 'Confirmed'),
(3262, 384, 473, 'Confirmed'),
(3263, 384, 493, 'Confirmed');

-- --------------------------------------------------------

--
-- Table structure for table `Budgeting`
--

CREATE TABLE IF NOT EXISTS `Budgeting` (
  `Jan_Budget` float NOT NULL,
  `Feb_Budget` float NOT NULL,
  `Mar_Budget` float NOT NULL,
  `Apr_Budget` float NOT NULL,
  `May_Budget` float NOT NULL,
  `Jun_Budget` float NOT NULL,
  `Jul_Budget` float NOT NULL,
  `Aug_Budget` float NOT NULL,
  `Sep_Budget` float NOT NULL,
  `Oct_Budget` float NOT NULL,
  `Nov_Budget` float NOT NULL,
  `Dec_Budget` float NOT NULL
) ENGINE=MyISAM DEFAULT CHARSET=latin1;

--
-- Dumping data for table `Budgeting`
--

INSERT INTO `Budgeting` (`Jan_Budget`, `Feb_Budget`, `Mar_Budget`, `Apr_Budget`, `May_Budget`, `Jun_Budget`, `Jul_Budget`, `Aug_Budget`, `Sep_Budget`, `Oct_Budget`, `Nov_Budget`, `Dec_Budget`) VALUES
(3000, 2000, 500, 500, 500, 500, 2000, 500, 500, 500, 500, 500);

-- --------------------------------------------------------

--
-- Table structure for table `Lab_Requirements`
--

CREATE TABLE IF NOT EXISTS `Lab_Requirements` (
`Lab_ID` int(5) NOT NULL,
  `Account_ID` int(5) NOT NULL,
  `Type` varchar(7) NOT NULL DEFAULT 'Demo',
  `Room` varchar(150) NOT NULL DEFAULT 'TBA',
  `Description` varchar(200) NOT NULL DEFAULT 'No description Given.',
  `Module` varchar(8) NOT NULL,
  `No_Staff` int(2) NOT NULL DEFAULT '0',
  `Skill_Python` int(1) NOT NULL DEFAULT '0',
  `Skill_Assembly` int(1) NOT NULL DEFAULT '0',
  `Skill_Problem_Solving` int(1) NOT NULL DEFAULT '0',
  `Skill_HTML_CSS` int(1) NOT NULL DEFAULT '0',
  `Skill_PHP_SQL` int(1) NOT NULL DEFAULT '0',
  `Skill_Discrete_Maths` int(1) NOT NULL DEFAULT '0',
  `Skill_Professional_Skills` int(1) NOT NULL DEFAULT '0',
  `Skill_HCI` int(1) NOT NULL DEFAULT '0',
  `Skill_DBM_Oracle` int(1) NOT NULL DEFAULT '0',
  `Skill_Systems_Thinking_SSM` int(1) NOT NULL DEFAULT '0',
  `Skill_Java` int(1) NOT NULL DEFAULT '0',
  `Skill_Data_Structures` int(1) NOT NULL DEFAULT '0',
  `Skill_Algorithms` int(1) NOT NULL DEFAULT '0',
  `Skill_Graphics` int(1) NOT NULL DEFAULT '0',
  `Skill_C_Cpp` int(1) NOT NULL DEFAULT '0',
  `Skill_Matlab` int(1) NOT NULL DEFAULT '0'
) ENGINE=InnoDB AUTO_INCREMENT=553 DEFAULT CHARSET=latin1;

--
-- Dumping data for table `Lab_Requirements`
--

INSERT INTO `Lab_Requirements` (`Lab_ID`, `Account_ID`, `Type`, `Room`, `Description`, `Module`, `No_Staff`, `Skill_Python`, `Skill_Assembly`, `Skill_Problem_Solving`, `Skill_HTML_CSS`, `Skill_PHP_SQL`, `Skill_Discrete_Maths`, `Skill_Professional_Skills`, `Skill_HCI`, `Skill_DBM_Oracle`, `Skill_Systems_Thinking_SSM`, `Skill_Java`, `Skill_Data_Structures`, `Skill_Algorithms`, `Skill_Graphics`, `Skill_C_Cpp`, `Skill_Matlab`) VALUES
(493, 5, 'Tutor', 'Trevithick/2.09 (147)', 'Tutorial. Day: Tue. Time: 16:00. Duration: 01:00.', 'CM1202', 1, 1, 0, 1, 0, 0, 0, 0, 0, 0, 0, 0, 0, 0, 0, 0, 0),
(494, 5, 'Tutor', 'Trevithick/2.09 (147)', 'Tutorial. Day: Thu. Time: 13:00. Duration: 01:00.', 'CM1202', 2, 1, 0, 1, 0, 0, 0, 0, 0, 0, 0, 0, 1, 0, 0, 0, 0),
(495, 5, 'Tutor', 'T/2.07 (100)', 'Tutorial. Day: Fri. Time: 12:00. Duration: 01:00.', 'CM1202', 1, 1, 0, 1, 0, 0, 0, 0, 0, 0, 0, 0, 0, 0, 0, 0, 0),
(496, 5, 'Tutor', 'T/2.07 (100)', 'Tutorial. Day: Fri. Time: 14:00. Duration: 01:00.', 'CM1202', 2, 1, 0, 1, 0, 0, 0, 0, 0, 0, 0, 0, 0, 0, 0, 0, 0),
(497, 5, 'Demo', 'Central/C/2.04 (52), Central/C/2.05 (27)', 'Laboratory. Day: Fri. Time: 12:00. Duration: 01:00.', 'CM1202', 3, 1, 0, 1, 0, 0, 0, 0, 0, 0, 0, 0, 0, 0, 0, 0, 0),
(498, 5, 'Demo', 'Central/C/2.04 (52)', 'Laboratory. Day: Fri. Time: 14:00. Duration: 01:00.', 'CM1202', 2, 1, 0, 1, 0, 0, 0, 0, 0, 0, 0, 0, 0, 0, 0, 0, 0),
(499, 164, 'Tutor', 'Central/C/2.07 (122)', 'Tutorial. Day: Mon. Time: 12:00. Duration: 01:00.', 'CM1203', 2, 0, 0, 0, 0, 0, 0, 0, 0, 0, 0, 1, 1, 1, 1, 0, 0),
(500, 164, 'Tutor', 'Central/C/2.04 (52), Central/C/2.05 (27)', 'Tutorial. Day: Tue. Time: 09:00. Duration: 01:00.', 'CM1203', 3, 0, 0, 0, 0, 0, 0, 0, 0, 0, 0, 1, 1, 1, 1, 0, 0),
(501, 164, 'Tutor', 'Central/C/2.07 (122)', 'Tutorial. Day: Tue. Time: 13:00. Duration: 01:00.', 'CM1203', 2, 0, 0, 0, 0, 0, 0, 0, 0, 0, 0, 1, 1, 1, 0, 0, 0),
(502, 164, 'Demo', 'Central/C/2.04 (52), Central/C/2.05 (27)', 'Laboratory. Day: Wed. Time: 09:00. Duration: 01:00.', 'CM1203', 2, 0, 0, 0, 0, 0, 0, 0, 0, 0, 0, 1, 1, 1, 1, 0, 0),
(503, 164, 'Demo', 'Central/C/2.04 (52), Central/C/2.05 (27)', 'Laboratory. Day: Wed. Time: 10:00. Duration: 01:00.', 'CM1203', 2, 0, 0, 0, 0, 0, 0, 0, 0, 0, 1, 1, 1, 1, 1, 0, 0),
(504, 164, 'Demo', 'Central/C/2.04 (52), Central/C/2.05 (27)', 'Laboratory. Day: Thu. Time: 09:00. Duration: 01:00.', 'CM1203', 1, 0, 0, 0, 0, 0, 0, 0, 0, 0, 0, 1, 1, 1, 1, 0, 0),
(505, 164, 'Demo', 'Central/C/2.04 (52), Central/C/2.05 (27)', 'Laboratory. Day: Thu. Time: 10:00. Duration: 01:00.', 'CM1203', 2, 0, 0, 0, 0, 0, 0, 0, 0, 0, 0, 1, 1, 1, 0, 0, 0),
(506, 196, 'Tutor', 'T/2.07 (100)', 'Tutorial. Day: Tue. Time: 09:00. Duration: 01:00.', 'CM1206', 1, 0, 0, 0, 1, 1, 1, 1, 1, 1, 0, 0, 0, 0, 0, 0, 0),
(507, 196, 'Tutor', 'South/S/2.22 (60), T/2.07 (100)', 'Tutorial. Day: Fri. Time: 16:00. Duration: 01:00. S/2.22 is an alternative venue', 'CM1206', 1, 0, 0, 0, 0, 0, 1, 1, 1, 0, 0, 0, 0, 0, 0, 0, 0),
(508, 197, 'Demo', 'Central/C/2.04 (52), Central/C/2.05 (27)', 'Laboratory. Day: Wed. Time: 09:00. Duration: 01:00.', 'CM1207', 2, 0, 0, 0, 0, 0, 0, 0, 0, 0, 1, 0, 0, 0, 0, 0, 0),
(509, 197, 'Demo', 'Central/C/2.04 (52), Central/C/2.05 (27)', 'Laboratory. Day: Wed. Time: 10:00. Duration: 01:00.', 'CM1207', 3, 0, 0, 0, 0, 0, 0, 0, 0, 0, 1, 0, 0, 0, 0, 0, 0),
(510, 198, 'Tutor', 'T/2.07 (100)', 'Tutorial. Day: Tue. Time: 11:00. Duration: 01:00.', 'CM1205', 3, 0, 1, 0, 0, 0, 0, 0, 0, 1, 1, 0, 0, 0, 0, 0, 0),
(511, 198, 'Tutor', 'South/S/2.22 (60)', 'Tutorial. Day: Thu. Time: 11:00. Duration: 01:00.', 'CM1205', 3, 0, 1, 0, 0, 0, 0, 0, 0, 1, 1, 0, 0, 0, 0, 0, 0),
(512, 198, 'Demo', 'Central/C/2.04 (52), Central/C/2.05 (27)', 'Laboratory. Day: Tue. Time: 11:00. Duration: 01:00.', 'CM1205', 2, 0, 1, 0, 0, 0, 0, 0, 0, 1, 1, 0, 0, 0, 0, 1, 0),
(513, 198, 'Demo', 'Central/C/2.04 (52), Central/C/2.05 (27)', 'Laboratory. Day: Thu. Time: 11:00. Duration: 01:00.', 'CM1205', 3, 0, 0, 0, 0, 0, 0, 0, 0, 0, 0, 0, 0, 0, 0, 1, 0),
(514, 199, 'Demo', 'Central/C/2.04 (52), Central/C/2.05 (27)', 'Laboratory. Day: Mon. Time: 09:00. Duration: 01:00.', 'CM1102', 2, 0, 0, 0, 1, 1, 0, 0, 0, 0, 0, 0, 0, 0, 0, 0, 0),
(515, 199, 'Demo', 'Central/C/2.04 (52), Central/C/2.05 (27)', 'Laboratory. Day: Mon. Time: 10:00. Duration: 01:00.', 'CM1102', 2, 0, 0, 0, 1, 1, 0, 0, 0, 0, 0, 0, 0, 0, 0, 0, 0),
(516, 199, 'Demo', 'Central/C/2.04 (52), Central/C/2.05 (27)', 'Laboratory. Day: Thu. Time: 14:00. Duration: 01:00.', 'CM1102', 3, 0, 0, 0, 1, 1, 0, 0, 1, 0, 0, 0, 0, 0, 1, 0, 0),
(517, 199, 'Demo', 'Central/C/2.04 (52), Central/C/2.05 (27)', 'Laboratory. Day: Fri. Time: 09:00. Duration: 01:00.', 'CM1102', 2, 0, 0, 0, 0, 0, 0, 0, 0, 0, 0, 0, 0, 0, 1, 0, 0),
(518, 200, 'Tutor', 'T/2.07 (100)', 'Tutorial. Day: Tue. Time: 15:00. Duration: 01:00.', 'CM1204', 2, 0, 0, 0, 0, 0, 0, 0, 0, 0, 0, 0, 0, 0, 0, 0, 0),
(519, 193, 'Demo', 'Central/C/2.08 (37)', 'Laboratory. Day: Mon. Time: 11:00. Duration: 02:00.', 'CM2204', 2, 0, 1, 0, 0, 0, 0, 0, 0, 0, 0, 0, 0, 0, 0, 1, 0),
(520, 193, 'Demo', 'Central/C/2.08 (37)', 'Laboratory. Day: Mon. Time: 13:00. Duration: 01:00.', 'CM2204', 2, 0, 1, 0, 0, 0, 0, 0, 0, 0, 0, 0, 0, 0, 0, 1, 0),
(521, 193, 'Demo', 'Central/C/2.08 (37)', 'Laboratory. Day: Mon. Time: 14:00. Duration: 01:00.', 'CM2204', 3, 0, 1, 0, 0, 0, 0, 0, 0, 0, 0, 0, 0, 0, 0, 1, 0),
(522, 118, 'Demo', 'Central/C/2.08 (37)', 'Laboratory. Day: Tue. Time: 09:00. Duration: 01:00.', 'CM2303', 2, 0, 0, 0, 0, 0, 0, 0, 1, 1, 1, 0, 0, 0, 0, 0, 0),
(523, 118, 'Demo', 'Central/C/2.08 (37)', 'Laboratory. Day: Tue. Time: 10:00. Duration: 01:00.', 'CM2303', 2, 0, 0, 0, 0, 0, 0, 0, 1, 1, 0, 0, 0, 0, 0, 0, 0),
(524, 118, 'Demo', 'Central/C/2.08 (37)', 'Laboratory. Day: Tue. Time: 11:00. Duration: 01:00.', 'CM2303', 2, 0, 0, 0, 0, 0, 0, 0, 1, 0, 0, 0, 0, 0, 0, 0, 0),
(525, 118, 'Demo', 'Central/C/2.08 (37)', 'Laboratory. Day: Tue. Time: 12:00. Duration: 01:00.', 'CM2303', 2, 0, 0, 0, 0, 0, 0, 0, 0, 0, 0, 0, 0, 0, 0, 0, 0),
(526, 118, 'Demo', 'Central/C/2.08 (37)', 'Laboratory. Day: Thu. Time: 09:00. Duration: 01:00.', 'CM2303', 1, 0, 0, 0, 0, 0, 0, 0, 0, 0, 1, 0, 0, 0, 0, 0, 0),
(527, 118, 'Demo', 'Central/C/2.08 (37)', 'Laboratory. Day: Thu. Time: 10:00. Duration: 01:00.', 'CM2303', 3, 0, 0, 0, 0, 0, 0, 0, 0, 1, 0, 0, 0, 0, 0, 0, 0),
(528, 118, 'Demo', 'Central/C/2.08 (37)', 'Laboratory. Day: Fri. Time: 09:00. Duration: 01:00.', 'CM2303', 1, 0, 0, 0, 0, 0, 1, 0, 0, 0, 0, 0, 0, 0, 1, 0, 1),
(529, 118, 'Demo', 'Central/C/2.08 (37)', 'Laboratory. Day: Fri. Time: 10:00. Duration: 01:00.', 'CM2303', 2, 0, 0, 0, 0, 0, 0, 0, 0, 1, 0, 0, 0, 0, 0, 0, 1),
(530, 185, 'Tutor', 'Central/C/2.11 (18), South/S/2.11 (24), South/S/2.15 (10000), T/2.07 (100), Trevithick/0.31 (48)', 'Project Supervision. Day: Tue. Time: 14:00. Duration: 01:00. Group Meetings', 'CM2301', 2, 0, 0, 0, 1, 1, 0, 0, 0, 0, 0, 0, 0, 0, 0, 0, 0),
(531, 185, 'Tutor', 'Central/C/2.07 (122), Central/C/2.11 (18), South/S/2.11 (24), South/S/2.15 (10000), T/2.07 (100)', 'Project Supervision. Day: Tue. Time: 17:00. Duration: 01:00. Group Meetings', 'CM2301', 2, 0, 0, 1, 1, 1, 0, 0, 0, 0, 0, 0, 0, 0, 0, 0, 0),
(532, 185, 'Tutor', 'Central/C/2.07 (122), South/S/2.22 (60), T/2.07 (100)', 'Project Supervision. Day: Thu. Time: 13:00. Duration: 01:00. Group Meetings', 'CM2301', 3, 0, 1, 1, 1, 1, 0, 1, 0, 0, 0, 0, 0, 0, 0, 0, 0),
(533, 185, 'Tutor', 'Central/C/2.07 (122), South/S/2.15 (10000)', 'Project Supervision. Day: Fri. Time: 14:00. Duration: 01:00. Group Meetings', 'CM2301', 2, 0, 0, 0, 1, 1, 0, 0, 0, 0, 0, 0, 0, 0, 0, 0, 0),
(534, 194, 'Tutor', 'Central/C/2.11 (18), South/S/2.11 (24), South/S/2.15 (10000), T/2.07 (100), Trevithick/0.31 (48)', 'Project Supervision. Day: Tue. Time: 14:00. Duration: 01:00.', 'CM2304', 1, 0, 0, 0, 0, 0, 0, 0, 0, 0, 0, 1, 1, 1, 1, 0, 0),
(535, 194, 'Tutor', 'Central/C/2.07 (122), Central/C/2.11 (18), South/S/2.11 (24), South/S/2.15 (10000), T/2.07 (100)', 'Project Supervision. Day: Tue. Time: 17:00. Duration: 01:00.', 'CM2304', 2, 0, 0, 0, 0, 0, 0, 0, 0, 0, 0, 1, 1, 1, 1, 0, 0),
(536, 194, 'Tutor', 'Central/C/2.07 (122), South/S/2.15 (10000), South/S/2.22 (60), T/2.07 (100)', 'Project Supervision. Day: Thu. Time: 13:00. Duration: 01:00.', 'CM2304', 1, 0, 0, 0, 0, 0, 0, 0, 0, 0, 0, 1, 1, 1, 1, 0, 0),
(537, 194, 'Tutor', 'South/S/2.11 (24), South/S/2.15 (10000)', 'Project Supervision. Day: Fri. Time: 14:00. Duration: 01:00.', 'CM2304', 1, 0, 0, 0, 0, 0, 0, 0, 0, 0, 1, 1, 1, 1, 1, 1, 1),
(538, 100, 'Tutor', 'South/S/2.22 (60)', 'Tutorial. Day: Thu. Time: 14:00. Duration: 01:00.', 'CM2500', 2, 0, 0, 0, 0, 0, 0, 0, 0, 0, 0, 0, 0, 0, 0, 0, 0),
(539, 111, 'Tutor', 'Trevithick/0.31 (48)', 'Tutorial. Day: Mon. Time: 14:00. Duration: 01:00.', 'CM2202', 2, 0, 0, 0, 0, 0, 0, 0, 0, 0, 0, 0, 0, 0, 0, 0, 0),
(540, 111, 'Demo', 'Central/C/2.10 (16)', 'Laboratory. Day: Tue. Time: 11:00. Duration: 01:00.', 'CM2202', 2, 0, 0, 0, 0, 0, 0, 0, 0, 0, 0, 0, 0, 0, 0, 0, 0),
(541, 111, 'Demo', 'Central/C/2.10 (16)', 'Laboratory. Day: Tue. Time: 12:00. Duration: 01:00.', 'CM2202', 2, 0, 0, 0, 0, 0, 0, 0, 0, 0, 0, 0, 0, 0, 0, 0, 0),
(542, 111, 'Demo', 'Central/C/2.10 (16)', 'Laboratory. Day: Tue. Time: 15:00. Duration: 01:00.', 'CM2202', 1, 0, 0, 0, 0, 0, 0, 0, 0, 0, 0, 0, 0, 0, 0, 0, 0),
(543, 111, 'Demo', 'Central/C/2.10 (16)', 'Laboratory. Day: Tue. Time: 16:00. Duration: 01:00.', 'CM2202', 3, 0, 0, 0, 0, 0, 0, 0, 0, 0, 0, 0, 0, 0, 0, 0, 0),
(544, 111, 'Tutor', 'T/2.07 (100)', 'Tutorial. Day: Thu. Time: 10:00. Duration: 01:00.', 'CM2202', 1, 0, 0, 0, 0, 0, 0, 0, 0, 0, 0, 0, 0, 0, 0, 0, 0),
(545, 115, 'Demo', 'Central/C/2.04 (52), Central/C/2.05 (27)', 'Laboratory. Day: Tue. Time: 13:00. Duration: 01:00.', 'CM2203', 2, 0, 0, 0, 0, 0, 0, 0, 0, 0, 0, 0, 0, 0, 0, 0, 0),
(546, 115, 'Demo', 'Central/C/2.04 (52), Central/C/2.05 (27)', 'Laboratory. Day: Tue. Time: 16:00. Duration: 01:00.', 'CM2203', 2, 0, 0, 0, 0, 0, 0, 0, 0, 0, 0, 0, 0, 0, 0, 0, 0),
(547, 195, 'Demo', 'Central/C/2.04 (52)', 'Laboratory. Day: Thu. Time: 15:00. Duration: 01:00.', 'CM2201', 2, 0, 0, 0, 0, 0, 0, 0, 0, 0, 0, 0, 0, 0, 0, 0, 0),
(548, 195, 'Demo', 'Central/C/2.04 (52)', 'Laboratory. Day: Thu. Time: 16:00. Duration: 01:00.', 'CM2201', 1, 0, 0, 0, 0, 0, 0, 0, 0, 0, 0, 0, 0, 0, 0, 0, 0),
(549, 195, 'Demo', 'Central/C/2.04 (52),\r\nCentral/C/2.05 (27)', 'Laboratory. Day: Fri. Time: 13:00. Duration: 01:00.', 'CM2201', 1, 0, 0, 0, 0, 0, 0, 0, 0, 0, 0, 0, 0, 0, 0, 0, 0),
(550, 195, 'Demo', 'Central/C/2.04 (52)', 'Laboratory. Day: Fri. Time: 10:00. Duration: 01:00.', 'CM2201', 2, 0, 0, 0, 0, 0, 0, 0, 0, 0, 0, 0, 0, 0, 0, 0, 0),
(551, 195, 'Tutor', 'South/S/2.22 (60)', 'Tutorial. Day: Wed. Time: 11:00. Duration: 02:00.', 'CM2201', 1, 0, 0, 0, 0, 0, 0, 0, 0, 0, 0, 0, 0, 0, 0, 0, 0),
(552, 195, 'Tutor', 'South/S/2.22 (60)', 'Tutorial. Day: Thu. Time: 15:00. Duration: 02:00.', 'CM2201', 3, 0, 0, 0, 0, 0, 0, 0, 0, 0, 0, 0, 0, 0, 0, 0, 0);

-- --------------------------------------------------------

--
-- Table structure for table `Lab_Timetable`
--

CREATE TABLE IF NOT EXISTS `Lab_Timetable` (
`Session_ID` int(11) NOT NULL,
  `Lab_ID` int(11) DEFAULT NULL,
  `Slot_ID` int(11) DEFAULT NULL
) ENGINE=InnoDB AUTO_INCREMENT=517 DEFAULT CHARSET=latin1;

--
-- Dumping data for table `Lab_Timetable`
--

INSERT INTO `Lab_Timetable` (`Session_ID`, `Lab_ID`, `Slot_ID`) VALUES
(1, 493, 22),
(2, 497, 5),
(50, 497, 220),
(51, 497, 265),
(52, 497, 310),
(53, 497, 355),
(54, 497, 400),
(55, 498, 177),
(56, 498, 222),
(57, 498, 267),
(58, 498, 312),
(59, 498, 357),
(60, 498, 402),
(61, 499, 49),
(62, 499, 94),
(63, 499, 139),
(64, 499, 184),
(65, 499, 229),
(66, 499, 274),
(67, 499, 319),
(68, 499, 364),
(69, 499, 544),
(70, 499, 589),
(71, 500, 55),
(72, 500, 100),
(73, 500, 145),
(74, 500, 190),
(75, 500, 235),
(76, 500, 280),
(77, 500, 325),
(78, 500, 370),
(79, 500, 550),
(80, 500, 595),
(81, 501, 59),
(82, 501, 104),
(83, 501, 149),
(84, 501, 194),
(85, 501, 239),
(86, 501, 284),
(87, 501, 329),
(88, 501, 374),
(89, 501, 554),
(90, 501, 599),
(91, 502, 64),
(92, 502, 109),
(93, 502, 154),
(94, 502, 199),
(95, 502, 244),
(96, 502, 289),
(97, 502, 334),
(98, 502, 379),
(99, 502, 559),
(100, 502, 604),
(101, 503, 65),
(102, 503, 110),
(103, 503, 155),
(104, 503, 200),
(105, 503, 245),
(106, 503, 290),
(107, 503, 335),
(108, 503, 380),
(109, 503, 560),
(110, 503, 605),
(111, 504, 73),
(112, 504, 118),
(113, 504, 163),
(114, 504, 208),
(115, 504, 253),
(116, 504, 298),
(117, 504, 343),
(118, 504, 388),
(119, 504, 568),
(120, 504, 613),
(121, 505, 74),
(122, 505, 119),
(123, 505, 164),
(124, 505, 209),
(125, 505, 254),
(126, 505, 299),
(127, 505, 344),
(128, 505, 389),
(129, 505, 569),
(130, 505, 614),
(131, 506, 55),
(132, 506, 100),
(133, 506, 145),
(134, 506, 190),
(135, 506, 235),
(136, 506, 280),
(137, 506, 325),
(138, 506, 370),
(139, 506, 550),
(140, 506, 595),
(141, 507, 359),
(142, 508, 64),
(143, 508, 109),
(144, 508, 154),
(145, 508, 199),
(146, 508, 244),
(147, 508, 289),
(148, 508, 334),
(149, 508, 379),
(150, 508, 559),
(151, 508, 604),
(152, 509, 65),
(153, 509, 110),
(154, 509, 155),
(155, 509, 200),
(156, 509, 245),
(157, 509, 290),
(158, 509, 335),
(159, 509, 380),
(160, 509, 560),
(161, 509, 605),
(162, 510, 102),
(163, 510, 237),
(164, 510, 372),
(165, 510, 552),
(166, 510, 597),
(167, 511, 120),
(168, 511, 255),
(169, 511, 390),
(170, 511, 570),
(171, 511, 615),
(172, 512, 147),
(173, 512, 192),
(174, 512, 282),
(175, 512, 327),
(176, 513, 165),
(177, 513, 210),
(178, 513, 300),
(179, 513, 345),
(180, 514, 136),
(181, 514, 181),
(182, 514, 226),
(183, 514, 271),
(184, 514, 316),
(185, 514, 361),
(186, 514, 541),
(187, 514, 586),
(188, 515, 137),
(189, 515, 182),
(190, 515, 227),
(191, 515, 272),
(192, 515, 317),
(193, 515, 362),
(194, 515, 542),
(195, 515, 587),
(196, 516, 168),
(197, 516, 213),
(198, 516, 258),
(199, 516, 303),
(200, 516, 348),
(201, 516, 393),
(202, 516, 573),
(203, 516, 618),
(204, 517, 172),
(205, 517, 217),
(206, 517, 262),
(207, 517, 307),
(208, 517, 352),
(209, 517, 397),
(210, 517, 577),
(211, 517, 622),
(212, 518, 151),
(213, 518, 196),
(214, 518, 241),
(215, 518, 286),
(216, 518, 331),
(217, 518, 376),
(218, 518, 556),
(219, 519, 3),
(220, 519, 4),
(221, 519, 48),
(222, 519, 49),
(223, 519, 93),
(224, 519, 94),
(225, 519, 138),
(226, 519, 139),
(227, 519, 183),
(228, 519, 184),
(229, 519, 228),
(230, 519, 229),
(231, 519, 273),
(232, 519, 274),
(233, 519, 318),
(234, 519, 319),
(235, 519, 363),
(236, 519, 364),
(237, 519, 543),
(238, 519, 544),
(239, 519, 588),
(240, 519, 589),
(241, 520, 5),
(242, 520, 50),
(243, 520, 95),
(244, 520, 140),
(245, 520, 185),
(246, 520, 230),
(247, 520, 275),
(248, 520, 320),
(249, 520, 365),
(250, 520, 545),
(251, 520, 590),
(252, 521, 6),
(253, 521, 51),
(254, 521, 96),
(255, 521, 141),
(256, 521, 186),
(257, 521, 231),
(258, 521, 276),
(259, 521, 321),
(260, 521, 366),
(261, 521, 546),
(262, 521, 591),
(263, 522, 10),
(264, 522, 55),
(265, 522, 100),
(266, 522, 145),
(267, 522, 190),
(268, 522, 235),
(269, 522, 280),
(270, 523, 11),
(271, 523, 56),
(272, 523, 101),
(273, 523, 146),
(274, 523, 191),
(275, 523, 236),
(276, 523, 281),
(277, 524, 12),
(278, 524, 57),
(279, 524, 102),
(280, 524, 147),
(281, 524, 192),
(282, 524, 237),
(283, 524, 282),
(284, 525, 13),
(285, 525, 58),
(286, 525, 103),
(287, 525, 148),
(288, 525, 193),
(289, 525, 238),
(290, 525, 283),
(291, 526, 28),
(292, 526, 73),
(293, 526, 118),
(294, 526, 163),
(295, 526, 208),
(296, 526, 253),
(297, 526, 298),
(298, 527, 29),
(299, 527, 74),
(300, 527, 119),
(301, 527, 164),
(302, 527, 209),
(303, 527, 254),
(304, 527, 299),
(305, 528, 37),
(306, 528, 82),
(307, 528, 127),
(308, 528, 172),
(309, 528, 217),
(310, 528, 262),
(311, 528, 307),
(312, 529, 38),
(313, 529, 83),
(314, 529, 128),
(315, 529, 173),
(316, 529, 218),
(317, 529, 263),
(318, 529, 308),
(319, 530, 15),
(320, 530, 60),
(321, 530, 105),
(322, 530, 150),
(323, 530, 195),
(324, 530, 240),
(325, 530, 285),
(326, 530, 330),
(327, 530, 375),
(328, 530, 555),
(329, 530, 600),
(331, 531, 63),
(332, 531, 108),
(333, 531, 153),
(334, 531, 198),
(335, 531, 243),
(336, 531, 288),
(337, 531, 333),
(338, 531, 378),
(339, 531, 558),
(340, 531, 603),
(341, 532, 32),
(342, 532, 77),
(343, 532, 122),
(344, 532, 167),
(345, 532, 212),
(346, 532, 257),
(347, 532, 302),
(348, 532, 347),
(349, 532, 392),
(350, 532, 572),
(351, 532, 617),
(352, 533, 42),
(353, 533, 87),
(354, 533, 132),
(355, 533, 177),
(356, 533, 222),
(357, 533, 267),
(358, 533, 312),
(359, 533, 357),
(360, 533, 402),
(361, 533, 582),
(362, 533, 627),
(363, 534, 15),
(364, 534, 60),
(365, 534, 105),
(366, 534, 150),
(367, 534, 195),
(368, 534, 240),
(369, 534, 285),
(370, 534, 330),
(371, 534, 375),
(372, 534, 420),
(373, 534, 555),
(374, 534, 600),
(375, 535, 18),
(376, 535, 63),
(377, 535, 108),
(378, 535, 153),
(379, 535, 198),
(380, 535, 243),
(381, 535, 288),
(382, 535, 333),
(383, 535, 378),
(384, 535, 423),
(385, 535, 558),
(386, 535, 603),
(387, 536, 32),
(388, 536, 77),
(389, 536, 122),
(390, 536, 167),
(391, 536, 212),
(392, 536, 257),
(393, 536, 302),
(394, 536, 347),
(395, 536, 392),
(396, 536, 572),
(397, 536, 617),
(398, 537, 42),
(399, 537, 87),
(400, 537, 132),
(401, 537, 177),
(402, 537, 222),
(403, 537, 267),
(404, 537, 312),
(405, 537, 357),
(406, 537, 402),
(407, 537, 582),
(408, 537, 627),
(410, 538, 78),
(411, 538, 123),
(412, 538, 168),
(413, 538, 213),
(414, 538, 258),
(415, 538, 303),
(416, 538, 348),
(417, 538, 393),
(418, 538, 573),
(419, 538, 618),
(420, 539, 51),
(421, 539, 96),
(422, 539, 141),
(423, 539, 186),
(424, 539, 231),
(425, 539, 276),
(426, 539, 321),
(427, 539, 366),
(428, 539, 546),
(429, 539, 591),
(430, 540, 57),
(431, 540, 102),
(432, 540, 147),
(433, 540, 192),
(434, 540, 237),
(435, 540, 282),
(436, 540, 327),
(437, 540, 372),
(438, 540, 552),
(439, 541, 58),
(440, 541, 103),
(441, 541, 148),
(442, 541, 193),
(443, 541, 238),
(444, 541, 283),
(445, 541, 328),
(446, 541, 373),
(447, 541, 553),
(448, 542, 61),
(449, 542, 106),
(450, 542, 151),
(451, 542, 196),
(452, 542, 241),
(453, 542, 286),
(454, 542, 331),
(455, 542, 376),
(456, 542, 556),
(457, 543, 62),
(458, 543, 107),
(459, 543, 152),
(460, 543, 197),
(461, 543, 242),
(462, 543, 287),
(463, 543, 332),
(464, 543, 377),
(465, 543, 557),
(466, 544, 344),
(467, 544, 389),
(468, 544, 569),
(469, 544, 614),
(470, 545, 59),
(471, 545, 104),
(472, 545, 149),
(473, 545, 194),
(474, 545, 239),
(475, 545, 284),
(476, 545, 329),
(477, 545, 374),
(478, 545, 554),
(479, 545, 599),
(480, 546, 62),
(481, 546, 107),
(482, 546, 152),
(483, 546, 197),
(484, 546, 242),
(485, 546, 287),
(486, 546, 332),
(487, 546, 377),
(488, 546, 557),
(489, 546, 602),
(490, 547, 79),
(491, 547, 214),
(492, 547, 304),
(493, 547, 349),
(494, 547, 394),
(495, 547, 574),
(496, 548, 80),
(497, 548, 125),
(498, 548, 305),
(499, 548, 350),
(500, 548, 395),
(501, 548, 575),
(502, 549, 86),
(503, 549, 131),
(504, 549, 311),
(505, 549, 356),
(506, 549, 401),
(507, 549, 581),
(508, 550, 218),
(509, 550, 308),
(510, 550, 353),
(511, 550, 398),
(512, 550, 578),
(513, 551, 246),
(514, 551, 247),
(515, 552, 259),
(516, 552, 260);

-- --------------------------------------------------------

--
-- Table structure for table `Leader_Module`
--

CREATE TABLE IF NOT EXISTS `Leader_Module` (
`Leader_Mod_ID` int(5) NOT NULL,
  `Module_Code` varchar(8) NOT NULL,
  `Account_ID` int(5) NOT NULL
) ENGINE=InnoDB AUTO_INCREMENT=73 DEFAULT CHARSET=latin1;

--
-- Dumping data for table `Leader_Module`
--

INSERT INTO `Leader_Module` (`Leader_Mod_ID`, `Module_Code`, `Account_ID`) VALUES
(8, 'CM1101', 3),
(9, 'CM1202', 5),
(10, 'CM3104', 110),
(11, 'CM2202', 111),
(15, 'CM2203', 115),
(16, 'CM3108', 116),
(17, 'CM3105', 117),
(18, 'CM2303', 118),
(20, 'CM2500', 100),
(21, 'CMT333', 120),
(23, 'CM3202', 124),
(25, 'CM5673', 130),
(36, 'BI1234', 146),
(38, 'CM1201', 119),
(39, 'CM2102', 147),
(51, 'CM1203', 164),
(52, 'CM3106', 165),
(54, 'CM3102', 169),
(55, 'CM7890', 172),
(56, 'CM3103', 174),
(57, 'CM3203', 183),
(58, 'CM3107', 184),
(59, 'CM2301', 185),
(60, 'CM2302', 186),
(61, 'NM1234', 189),
(63, 'CM2204', 193),
(64, 'CM2304', 194),
(65, 'CM2201', 195),
(66, 'CM1206', 196),
(67, 'CM1207', 197),
(68, 'CM1205', 198),
(69, 'CM1102', 199),
(70, 'CM1204', 200),
(71, 'TC1234', 460),
(72, 'CT1234', 500);

-- --------------------------------------------------------

--
-- Table structure for table `Modules`
--

CREATE TABLE IF NOT EXISTS `Modules` (
  `Module_Code` varchar(8) NOT NULL,
  `Module_Name` varchar(150) NOT NULL
) ENGINE=InnoDB DEFAULT CHARSET=latin1;

--
-- Dumping data for table `Modules`
--

INSERT INTO `Modules` (`Module_Code`, `Module_Name`) VALUES
('BI1234', 'TEST1'),
('CM1022', 'Introduction to Computer Science'),
('CM1056', 'Advanced Python Algorithms'),
('CM1101', 'Computational Thinking'),
('CM1102', 'Web Applications'),
('CM1103', 'Problem Solving with Python'),
('CM1201', 'Professional Skills'),
('CM1202', 'Developing Quality Software'),
('CM1203', 'Fundamentals of Computing with Java'),
('CM1204', 'Managing the Modern Organisation'),
('CM1205', 'Architecture and Operating Systems'),
('CM1206', 'Fundamentals of Information Systems'),
('CM1207', 'Introduction to Java'),
('CM2101', 'Human Computer Interaction'),
('CM2102', 'Database Systems'),
('CM2201', 'Object Oriented Applications'),
('CM2202', 'Scientific Computing and Multimedia Applications'),
('CM2203', 'Informatics'),
('CM2204', 'Advanced Programming'),
('CM2205', 'Systems and Software Management'),
('CM2206', 'Business Strategy and Information Systems'),
('CM2301', 'System Design and Group Project'),
('CM2302', 'Communication Networks and Pervasive Computing'),
('CM2303', 'Algorithms and Data Structures'),
('CM2304', 'Group Project'),
('CM2500', 'Placement Preparation'),
('CM3004', 'Professional Development'),
('CM3102', 'Graphics, visualization and image processing'),
('CM3103', 'High performance computing'),
('CM3104', 'Large scale databases'),
('CM3105', 'Security and forensics'),
('CM3106', 'Multimedia'),
('CM3107', 'Knowledge management'),
('CM3108', 'Computational intelligence'),
('CM3201', 'Project and Change Management'),
('CM3202', 'Emerging technologies'),
('CM3203', 'One semester project (40 credits)'),
('CM5673', 'TEST5'),
('CM7890', 'TEST 6'),
('CMT1234', 'Test module'),
('CMT333', 'TEST2'),
('CT1234', 'My New Module'),
('CV5634', 'Another Great Module'),
('NM1234', 'TEST 8'),
('TC1234', 'TEST 10'),
('VB2345', 'TEST 9'),
('VN1234', 'TEST 11');

-- --------------------------------------------------------

--
-- Table structure for table `Module_Leaders`
--

CREATE TABLE IF NOT EXISTS `Module_Leaders` (
  `Account_ID` int(5) NOT NULL,
  `Title` varchar(4) NOT NULL DEFAULT 'Mr',
  `Forename` varchar(15) NOT NULL,
  `Initial` varchar(2) DEFAULT NULL,
  `Surname` varchar(15) NOT NULL
) ENGINE=InnoDB DEFAULT CHARSET=latin1;

--
-- Dumping data for table `Module_Leaders`
--

INSERT INTO `Module_Leaders` (`Account_ID`, `Title`, `Forename`, `Initial`, `Surname`) VALUES
(3, 'Dr', 'Jack', NULL, 'Salisbury'),
(5, 'Dr', 'Sasha', 'G', 'Packard'),
(100, 'Dr', 'Simona', NULL, 'Olivier'),
(110, 'Dr', 'Jack', 'B.', 'Probert'),
(111, 'Prof', 'Peter', 'Ph', 'Anderson'),
(115, 'Mr', 'Oliver', NULL, 'Twist'),
(116, 'Mr', 'Eric', 'T', 'Simpson'),
(117, 'Dr', 'Jim', NULL, 'Leftley'),
(118, 'Mr', 'Neil', NULL, 'Bainbridge'),
(119, 'Miss', 'Maria', NULL, 'Berg'),
(120, 'Ms', 'Donna', 'I.', 'Mia'),
(124, 'Dr', 'Easy', NULL, 'Going'),
(130, 'Dr', 'Stanley', NULL, 'Myers'),
(146, 'Dr', 'Bob', NULL, 'Gymbobs'),
(147, 'Mr', 'Brodie', NULL, 'Tanner'),
(164, 'Dr', 'Stanley', '1', 'Myers'),
(165, 'Dr', 'Rimma', NULL, 'Somova'),
(169, 'Mrs', 'Claire', 'B.', 'Roosevelt'),
(172, 'Mr', 'Chris', NULL, 'Morreno'),
(174, 'Miss', 'Rebecca', 'M.', 'Frost'),
(183, 'Mr', 'Victor', 'V.', 'Wallis'),
(184, 'Mr', 'Nick', 'C.', 'Yates'),
(185, 'Dr', 'Merry', 'B.', 'Monk'),
(186, 'Miss', 'Delia', NULL, 'Lynn'),
(189, 'Dr', 'Darrel', 'C.', 'Cornwall'),
(193, 'Mr', 'Cory', NULL, 'Tacoon'),
(194, 'Dr', 'Robin', NULL, 'Good'),
(195, 'Prof', 'Stacy', 'N', 'Hunt'),
(196, 'Miss', 'Moody', NULL, 'Blues'),
(197, 'Prof', 'Steady', NULL, 'Pace'),
(198, 'Dr', 'Elizabeth', 'II', 'Royal'),
(199, 'Ms', 'Courtney', 'G', 'Laravel'),
(200, 'Miss', 'Tia', NULL, 'Morgan'),
(460, 'Prof', 'Roy', NULL, 'Truman'),
(500, 'Dr', 'Steve', 'S.', 'Morrison');

-- --------------------------------------------------------

--
-- Table structure for table `Notifications`
--

CREATE TABLE IF NOT EXISTS `Notifications` (
  `Account_ID` int(11) NOT NULL,
  `Message` varchar(120) NOT NULL
) ENGINE=InnoDB DEFAULT CHARSET=latin1;

--
-- Dumping data for table `Notifications`
--

INSERT INTO `Notifications` (`Account_ID`, `Message`) VALUES
(466, 'Your session at Week 1 Tuesday 1710-1800  was cancelled by staff, please check your timetable to confirm'),
(468, 'Your session at Week 1 Tuesday 1710-1800  was cancelled by staff, please check your timetable to confirm');

-- --------------------------------------------------------

--
-- Table structure for table `Pay_Data`
--

CREATE TABLE IF NOT EXISTS `Pay_Data` (
  `Type` varchar(7) NOT NULL,
  `Rate` float NOT NULL
) ENGINE=InnoDB DEFAULT CHARSET=latin1;

--
-- Dumping data for table `Pay_Data`
--

INSERT INTO `Pay_Data` (`Type`, `Rate`) VALUES
('Demo', 10.45),
('Tutor', 19.88);

-- --------------------------------------------------------

--
-- Table structure for table `Pending_Swaps`
--

CREATE TABLE IF NOT EXISTS `Pending_Swaps` (
  `Session_ID` int(11) NOT NULL,
  `Account_ID` int(11) NOT NULL,
  `Request_ID` int(11) NOT NULL
) ENGINE=InnoDB DEFAULT CHARSET=latin1;

-- --------------------------------------------------------

--
-- Table structure for table `PHD_Availability`
--

CREATE TABLE IF NOT EXISTS `PHD_Availability` (
  `Account_ID` int(255) NOT NULL,
  `Slots_Availability` blob NOT NULL
) ENGINE=InnoDB DEFAULT CHARSET=latin1;

--
-- Dumping data for table `PHD_Availability`
--

INSERT INTO `PHD_Availability` (`Account_ID`, `Slots_Availability`) VALUES
(471, 0x613a34353a7b733a343a22536c7431223b693a313b733a343a22536c7432223b693a313b733a343a22536c7433223b693a313b733a343a22536c7434223b693a313b733a343a22536c7435223b693a313b733a343a22536c7436223b693a313b733a343a22536c7437223b693a313b733a343a22536c7438223b693a313b733a343a22536c7439223b693a313b733a353a22536c743130223b693a313b733a353a22536c743131223b693a313b733a353a22536c743132223b693a313b733a353a22536c743133223b693a313b733a353a22536c743134223b693a303b733a353a22536c743135223b693a313b733a353a22536c743136223b693a303b733a353a22536c743137223b693a313b733a353a22536c743138223b693a303b733a353a22536c743139223b693a303b733a353a22536c743230223b693a313b733a353a22536c743231223b693a303b733a353a22536c743232223b693a303b733a353a22536c743233223b693a313b733a353a22536c743234223b693a303b733a353a22536c743235223b693a303b733a353a22536c743236223b693a313b733a353a22536c743237223b693a313b733a353a22536c743238223b693a313b733a353a22536c743239223b693a313b733a353a22536c743330223b693a313b733a353a22536c743331223b693a313b733a353a22536c743332223b693a313b733a353a22536c743333223b693a313b733a353a22536c743334223b693a313b733a353a22536c743335223b693a303b733a353a22536c743336223b693a313b733a353a22536c743337223b693a313b733a353a22536c743338223b693a313b733a353a22536c743339223b693a313b733a353a22536c743430223b693a313b733a353a22536c743431223b693a313b733a353a22536c743432223b693a313b733a353a22536c743433223b693a313b733a353a22536c743434223b693a313b733a353a22536c743435223b693a313b7d);

-- --------------------------------------------------------

--
-- Table structure for table `PHD_Students`
--

CREATE TABLE IF NOT EXISTS `PHD_Students` (
  `Account_ID` int(5) NOT NULL,
  `Title` varchar(4) NOT NULL DEFAULT 'Mr',
  `Forename` varchar(15) NOT NULL,
  `Initial` varchar(2) DEFAULT NULL,
  `Surname` varchar(15) NOT NULL,
  `Year` tinyint(1) DEFAULT NULL,
  `Lab_Training` date DEFAULT NULL,
  `Tutorial_Training` date DEFAULT NULL,
  `Marking_Training` date DEFAULT NULL,
  `Other_Training` varchar(100) DEFAULT NULL,
  `Paperwork_Renew` date DEFAULT NULL,
  `Supervisor` int(5) DEFAULT NULL,
  `Status` varchar(10) NOT NULL DEFAULT '0',
  `Skill_Python` int(1) NOT NULL DEFAULT '0',
  `Skill_Assembly` int(1) NOT NULL DEFAULT '0',
  `Skill_Problem_Solving` int(1) NOT NULL DEFAULT '0',
  `Skill_HTML_CSS` int(1) NOT NULL DEFAULT '0',
  `Skill_PHP_SQL` int(1) NOT NULL DEFAULT '0',
  `Skill_Discrete_Maths` int(1) NOT NULL DEFAULT '0',
  `Skill_Professional_Skills` int(1) NOT NULL DEFAULT '0',
  `Skill_HCI` int(1) NOT NULL DEFAULT '0',
  `Skill_DBM_Oracle` int(1) NOT NULL DEFAULT '0',
  `Skill_Systems_Thinking_SSM` int(1) NOT NULL DEFAULT '0',
  `Skill_Java` int(1) NOT NULL DEFAULT '0',
  `Skill_Data_Structures` int(1) NOT NULL DEFAULT '0',
  `Skill_Algorithms` int(1) NOT NULL DEFAULT '0',
  `Skill_Graphics` int(1) NOT NULL DEFAULT '0',
  `Skill_C_Cpp` int(1) NOT NULL DEFAULT '0',
  `Skill_Matlab` int(1) NOT NULL DEFAULT '0'
) ENGINE=InnoDB DEFAULT CHARSET=latin1;

--
-- Dumping data for table `PHD_Students`
--

INSERT INTO `PHD_Students` (`Account_ID`, `Title`, `Forename`, `Initial`, `Surname`, `Year`, `Lab_Training`, `Tutorial_Training`, `Marking_Training`, `Other_Training`, `Paperwork_Renew`, `Supervisor`, `Status`, `Skill_Python`, `Skill_Assembly`, `Skill_Problem_Solving`, `Skill_HTML_CSS`, `Skill_PHP_SQL`, `Skill_Discrete_Maths`, `Skill_Professional_Skills`, `Skill_HCI`, `Skill_DBM_Oracle`, `Skill_Systems_Thinking_SSM`, `Skill_Java`, `Skill_Data_Structures`, `Skill_Algorithms`, `Skill_Graphics`, `Skill_C_Cpp`, `Skill_Matlab`) VALUES
(466, 'Mr', 'Alex', 'AA', 'Adams', 1, '0000-00-00', '0000-00-00', NULL, NULL, NULL, NULL, 'Confirmed', 2, 2, 2, 2, 2, 1, 2, 2, 2, 0, 2, 2, 2, 2, 1, 2),
(467, 'Mr', 'Ben', 'BB', 'Barber', 1, '0000-00-00', '0000-00-00', '0000-00-00', '1', NULL, NULL, 'Confirmed', 2, 0, 1, 1, 1, 0, 1, 1, 1, 0, 0, 0, 0, 0, 0, 0),
(468, 'Mr', 'Caitlin', 'CC', 'Carrols', 1, '0000-00-00', '0000-00-00', '0000-00-00', '1', NULL, NULL, 'Confirmed', 2, 0, 2, 2, 2, 0, 0, 1, 0, 0, 0, 0, 0, 0, 0, 0),
(469, 'Miss', 'Dan', 'DD', 'Deans', 1, '0000-00-00', '0000-00-00', '0000-00-00', '1', NULL, NULL, 'Confirmed', 2, 2, 2, 0, 0, 0, 1, 0, 0, 0, 0, 0, 2, 2, 0, 2),
(470, 'Miss', 'Eden', 'EE', 'Edwards', 1, '0000-00-00', '0000-00-00', '0000-00-00', '1', NULL, NULL, 'Confirmed', 2, 0, 0, 0, 0, 0, 2, 0, 2, 0, 2, 2, 2, 0, 2, 0),
(471, 'Ms', 'Fran', 'FF', 'Farr', NULL, '0000-00-00', '0000-00-00', '0000-00-00', '1', NULL, NULL, 'Confirmed', 0, 0, 0, 0, 0, 0, 1, 0, 0, 1, 1, 1, 1, 0, 0, 2),
(472, 'Dr', 'Georgie', 'GG', 'Gregories', NULL, '0000-00-00', '0000-00-00', '0000-00-00', '1', NULL, NULL, 'Confirmed', 0, 1, 0, 0, 0, 1, 1, 2, 0, 0, 0, 2, 2, 0, 0, 0),
(473, 'Miss', 'Hannah', 'HH', 'Hope', NULL, '0000-00-00', '0000-00-00', '0000-00-00', '1', NULL, NULL, 'Confirmed', 1, 1, 2, 0, 0, 0, 2, 2, 0, 0, 0, 2, 2, 2, 0, 0),
(474, 'Miss', 'Isabelle', 'II', 'Issac', 1, '0000-00-00', '0000-00-00', '0000-00-00', '1', NULL, 93, 'Confirmed', 0, 0, 0, 0, 0, 0, 0, 0, 0, 0, 0, 0, 0, 0, 0, 0),
(475, 'Mrs', 'Jeffy', 'JJ', 'Jones', NULL, '0000-00-00', '0000-00-00', '0000-00-00', '1', NULL, NULL, 'Confirmed', 2, 0, 0, 0, 0, 2, 1, 1, 0, 0, 0, 0, 1, 0, 0, 0),
(476, 'Miss', 'Kenny', 'KK', 'Keith', 2, '2014-09-23', '2014-09-23', '2014-09-23', 'Visual Basic', '2015-05-01', 190, 'Confirmed', 2, 0, 2, 0, 0, 1, 1, 0, 0, 0, 0, 0, 1, 1, 2, 1),
(477, 'Mr', 'Laura', 'LL', 'Llewellin', 2, '0000-00-00', '0000-00-00', '0000-00-00', NULL, NULL, NULL, 'Confirmed', 0, 0, 0, 0, 0, 0, 0, 0, 0, 0, 0, 0, 0, 0, 0, 0),
(478, 'Miss', 'Max', 'MM', 'Marks', 1, '0000-00-00', '0000-00-00', '0000-00-00', '1', NULL, NULL, 'Confirmed', 0, 0, 0, 0, 0, 2, 0, 0, 0, 0, 2, 0, 2, 0, 0, 0),
(479, 'Mrs', 'Niall', 'NN', 'Newton', NULL, '0000-00-00', '0000-00-00', '0000-00-00', '1', NULL, NULL, 'Confirmed', 0, 2, 0, 2, 0, 2, 0, 0, 0, 0, 0, 0, 1, 2, 0, 2),
(480, 'Mr', 'Oliver', 'OO', 'Opes', 1, '0000-00-00', '0000-00-00', '0000-00-00', '1', NULL, NULL, 'Confirmed', 1, 2, 0, 0, 2, 2, 1, 1, 0, 0, 0, 0, 1, 0, 1, 0),
(481, 'Mr', 'Peter', 'PP', 'Piper', NULL, '0000-00-00', '0000-00-00', '0000-00-00', '1', NULL, NULL, 'Confirmed', 0, 2, 0, 0, 0, 0, 0, 0, 0, 0, 0, 0, 0, 0, 2, 2),
(490, 'Mr', 'Quin', 'QQ', 'Quest', 2, '2014-01-29', '2014-01-29', '2014-01-29', NULL, NULL, NULL, 'Pending', 2, 2, 2, 2, 2, 2, 2, 1, 2, 2, 2, 2, 2, 2, 2, 2),
(493, 'Mr', 'Robert', 'RR', 'Red', 1, '2014-01-29', '2014-01-29', '2014-01-29', NULL, NULL, NULL, 'Confirmed', 2, 2, 2, 2, 2, 1, 1, 2, 2, 2, 2, 2, 2, 1, 1, 2),
(494, 'Mr', 'Sam', 'SS', 'Shannons', 1, '2014-01-29', '2014-01-29', '2014-01-29', NULL, NULL, NULL, 'Pending', 2, 2, 2, 1, 2, 1, 2, 2, 1, 1, 2, 1, 2, 2, 2, 2),
(495, 'Mrs', 'Alice', NULL, 'Wonderland', 2, NULL, NULL, NULL, NULL, NULL, NULL, 'Pending', 0, 0, 0, 0, 0, 0, 0, 0, 0, 0, 0, 0, 0, 0, 0, 0),
(497, 'Miss', 'Shannon', NULL, 'Riley', 2, NULL, NULL, NULL, NULL, NULL, NULL, 'Pending', 0, 0, 0, 0, 0, 0, 0, 0, 0, 0, 0, 0, 0, 0, 0, 0),
(498, 'Ms', 'Diana', 'S', 'Swan', 2, NULL, NULL, NULL, 'Semantic Web', NULL, 128, 'Cancelled', 0, 0, 0, 0, 0, 0, 0, 0, 0, 0, 0, 0, 0, 0, 0, 0);

-- --------------------------------------------------------

--
-- Table structure for table `Status_Definitions`
--

CREATE TABLE IF NOT EXISTS `Status_Definitions` (
  `Status` varchar(10) NOT NULL
) ENGINE=InnoDB DEFAULT CHARSET=latin1;

--
-- Dumping data for table `Status_Definitions`
--

INSERT INTO `Status_Definitions` (`Status`) VALUES
('Cancelled'),
('Confirmed'),
('Pending');

-- --------------------------------------------------------

--
-- Table structure for table `Supervisors`
--

CREATE TABLE IF NOT EXISTS `Supervisors` (
  `Account_ID` int(5) NOT NULL,
  `Title` varchar(4) NOT NULL DEFAULT 'Mr',
  `Forename` varchar(15) NOT NULL,
  `Initial` varchar(2) DEFAULT NULL,
  `Surname` varchar(15) NOT NULL
) ENGINE=InnoDB DEFAULT CHARSET=latin1;

--
-- Dumping data for table `Supervisors`
--

INSERT INTO `Supervisors` (`Account_ID`, `Title`, `Forename`, `Initial`, `Surname`) VALUES
(91, 'Mr', 'Dean', 'S.', 'Campbell'),
(93, 'Ms', 'Sharon', NULL, 'Stone'),
(94, 'Prof', 'Andy', NULL, 'Powell'),
(98, 'Miss', 'Lorna', 'M', 'Doris'),
(109, 'Dr', 'Valentina', NULL, 'Tereshkova'),
(128, 'Mr', 'Oliver', NULL, 'Twist'),
(161, 'Prof', 'Robert', 'F', 'Green'),
(173, 'Mrs', 'Adelina', 'C.', 'Stolts'),
(175, 'Dr', 'Bob', NULL, 'Gymbobs'),
(177, 'Dr', 'Will', 'I', 'Smith'),
(190, 'Prof', 'Robert', NULL, 'Smirnoff'),
(461, 'Ms', 'Love', NULL, 'Forever');

-- --------------------------------------------------------

--
-- Table structure for table `Swaps`
--

CREATE TABLE IF NOT EXISTS `Swaps` (
  `Allocation_ID` int(5) NOT NULL,
  `Time` timestamp NOT NULL DEFAULT CURRENT_TIMESTAMP,
  `Alternative_1` int(11) NOT NULL,
  `Alternative_2` int(11) DEFAULT NULL,
  `Satus` varchar(10) NOT NULL
) ENGINE=InnoDB DEFAULT CHARSET=latin1;

-- --------------------------------------------------------

--
-- Table structure for table `Tech_Staff`
--

CREATE TABLE IF NOT EXISTS `Tech_Staff` (
  `Account_ID` int(5) NOT NULL,
  `Title` varchar(4) NOT NULL DEFAULT 'Mr',
  `Forename` varchar(15) NOT NULL,
  `Initial` varchar(2) DEFAULT NULL,
  `Surname` varchar(15) NOT NULL
) ENGINE=InnoDB DEFAULT CHARSET=latin1;

--
-- Dumping data for table `Tech_Staff`
--

INSERT INTO `Tech_Staff` (`Account_ID`, `Title`, `Forename`, `Initial`, `Surname`) VALUES
(97, 'Dr', 'Andrew', NULL, 'Bloke'),
(126, 'Mr', 'Tech', NULL, 'Wizz'),
(162, 'Mr', 'Rudolf', 'T', 'Rednose'),
(179, 'Miss', 'Irene', 'D.', 'Paline'),
(191, 'Mr', 'Ted', 'J.', 'Basilio'),
(462, 'Dr', 'Clever', 'P', 'Coggs'),
(486, 'Mr', 'Tech1', 'TC', 'Techy'),
(488, 'Mr', 'Tech', NULL, 'Guy');

-- --------------------------------------------------------

--
-- Table structure for table `Time_Slots`
--

CREATE TABLE IF NOT EXISTS `Time_Slots` (
  `Slot_ID` int(5) NOT NULL,
  `Week` int(2) NOT NULL,
  `Day` int(1) NOT NULL,
  `Time` int(1) NOT NULL
) ENGINE=InnoDB DEFAULT CHARSET=latin1;

--
-- Dumping data for table `Time_Slots`
--

INSERT INTO `Time_Slots` (`Slot_ID`, `Week`, `Day`, `Time`) VALUES
(1, 1, 1, 1),
(2, 1, 1, 2),
(3, 1, 1, 3),
(4, 1, 1, 4),
(5, 1, 1, 5),
(6, 1, 1, 6),
(7, 1, 1, 7),
(8, 1, 1, 8),
(9, 1, 1, 9),
(10, 1, 2, 1),
(11, 1, 2, 2),
(12, 1, 2, 3),
(13, 1, 2, 4),
(14, 1, 2, 5),
(15, 1, 2, 6),
(16, 1, 2, 7),
(17, 1, 2, 8),
(18, 1, 2, 9),
(19, 1, 3, 1),
(20, 1, 3, 2),
(21, 1, 3, 3),
(22, 1, 3, 4),
(23, 1, 3, 5),
(24, 1, 3, 6),
(25, 1, 3, 7),
(26, 1, 3, 8),
(27, 1, 3, 9),
(28, 1, 4, 1),
(29, 1, 4, 2),
(30, 1, 4, 3),
(31, 1, 4, 4),
(32, 1, 4, 5),
(33, 1, 4, 6),
(34, 1, 4, 7),
(35, 1, 4, 8),
(36, 1, 4, 9),
(37, 1, 5, 1),
(38, 1, 5, 2),
(39, 1, 5, 3),
(40, 1, 5, 4),
(41, 1, 5, 5),
(42, 1, 5, 6),
(43, 1, 5, 7),
(44, 1, 5, 8),
(45, 1, 5, 9),
(46, 2, 1, 1),
(47, 2, 1, 2),
(48, 2, 1, 3),
(49, 2, 1, 4),
(50, 2, 1, 5),
(51, 2, 1, 6),
(52, 2, 1, 7),
(53, 2, 1, 8),
(54, 2, 1, 9),
(55, 2, 2, 1),
(56, 2, 2, 2),
(57, 2, 2, 3),
(58, 2, 2, 4),
(59, 2, 2, 5),
(60, 2, 2, 6),
(61, 2, 2, 7),
(62, 2, 2, 8),
(63, 2, 2, 9),
(64, 2, 3, 1),
(65, 2, 3, 2),
(66, 2, 3, 3),
(67, 2, 3, 4),
(68, 2, 3, 5),
(69, 2, 3, 6),
(70, 2, 3, 7),
(71, 2, 3, 8),
(72, 2, 3, 9),
(73, 2, 4, 1),
(74, 2, 4, 2),
(75, 2, 4, 3),
(76, 2, 4, 4),
(77, 2, 4, 5),
(78, 2, 4, 6),
(79, 2, 4, 7),
(80, 2, 4, 8),
(81, 2, 4, 9),
(82, 2, 5, 1),
(83, 2, 5, 2),
(84, 2, 5, 3),
(85, 2, 5, 4),
(86, 2, 5, 5),
(87, 2, 5, 6),
(88, 2, 5, 7),
(89, 2, 5, 8),
(90, 2, 5, 9),
(91, 3, 1, 1),
(92, 3, 1, 2),
(93, 3, 1, 3),
(94, 3, 1, 4),
(95, 3, 1, 5),
(96, 3, 1, 6),
(97, 3, 1, 7),
(98, 3, 1, 8),
(99, 3, 1, 9),
(100, 3, 2, 1),
(101, 3, 2, 2),
(102, 3, 2, 3),
(103, 3, 2, 4),
(104, 3, 2, 5),
(105, 3, 2, 6),
(106, 3, 2, 7),
(107, 3, 2, 8),
(108, 3, 2, 9),
(109, 3, 3, 1),
(110, 3, 3, 2),
(111, 3, 3, 3),
(112, 3, 3, 4),
(113, 3, 3, 5),
(114, 3, 3, 6),
(115, 3, 3, 7),
(116, 3, 3, 8),
(117, 3, 3, 9),
(118, 3, 4, 1),
(119, 3, 4, 2),
(120, 3, 4, 3),
(121, 3, 4, 4),
(122, 3, 4, 5),
(123, 3, 4, 6),
(124, 3, 4, 7),
(125, 3, 4, 8),
(126, 3, 4, 9),
(127, 3, 5, 1),
(128, 3, 5, 2),
(129, 3, 5, 3),
(130, 3, 5, 4),
(131, 3, 5, 5),
(132, 3, 5, 6),
(133, 3, 5, 7),
(134, 3, 5, 8),
(135, 3, 5, 9),
(136, 4, 1, 1),
(137, 4, 1, 2),
(138, 4, 1, 3),
(139, 4, 1, 4),
(140, 4, 1, 5),
(141, 4, 1, 6),
(142, 4, 1, 7),
(143, 4, 1, 8),
(144, 4, 1, 9),
(145, 4, 2, 1),
(146, 4, 2, 2),
(147, 4, 2, 3),
(148, 4, 2, 4),
(149, 4, 2, 5),
(150, 4, 2, 6),
(151, 4, 2, 7),
(152, 4, 2, 8),
(153, 4, 2, 9),
(154, 4, 3, 1),
(155, 4, 3, 2),
(156, 4, 3, 3),
(157, 4, 3, 4),
(158, 4, 3, 5),
(159, 4, 3, 6),
(160, 4, 3, 7),
(161, 4, 3, 8),
(162, 4, 3, 9),
(163, 4, 4, 1),
(164, 4, 4, 2),
(165, 4, 4, 3),
(166, 4, 4, 4),
(167, 4, 4, 5),
(168, 4, 4, 6),
(169, 4, 4, 7),
(170, 4, 4, 8),
(171, 4, 4, 9),
(172, 4, 5, 1),
(173, 4, 5, 2),
(174, 4, 5, 3),
(175, 4, 5, 4),
(176, 4, 5, 5),
(177, 4, 5, 6),
(178, 4, 5, 7),
(179, 4, 5, 8),
(180, 4, 5, 9),
(181, 5, 1, 1),
(182, 5, 1, 2),
(183, 5, 1, 3),
(184, 5, 1, 4),
(185, 5, 1, 5),
(186, 5, 1, 6),
(187, 5, 1, 7),
(188, 5, 1, 8),
(189, 5, 1, 9),
(190, 5, 2, 1),
(191, 5, 2, 2),
(192, 5, 2, 3),
(193, 5, 2, 4),
(194, 5, 2, 5),
(195, 5, 2, 6),
(196, 5, 2, 7),
(197, 5, 2, 8),
(198, 5, 2, 9),
(199, 5, 3, 1),
(200, 5, 3, 2),
(201, 5, 3, 3),
(202, 5, 3, 4),
(203, 5, 3, 5),
(204, 5, 3, 6),
(205, 5, 3, 7),
(206, 5, 3, 8),
(207, 5, 3, 9),
(208, 5, 4, 1),
(209, 5, 4, 2),
(210, 5, 4, 3),
(211, 5, 4, 4),
(212, 5, 4, 5),
(213, 5, 4, 6),
(214, 5, 4, 7),
(215, 5, 4, 8),
(216, 5, 4, 9),
(217, 5, 5, 1),
(218, 5, 5, 2),
(219, 5, 5, 3),
(220, 5, 5, 4),
(221, 5, 5, 5),
(222, 5, 5, 6),
(223, 5, 5, 7),
(224, 5, 5, 8),
(225, 5, 5, 9),
(226, 6, 1, 1),
(227, 6, 1, 2),
(228, 6, 1, 3),
(229, 6, 1, 4),
(230, 6, 1, 5),
(231, 6, 1, 6),
(232, 6, 1, 7),
(233, 6, 1, 8),
(234, 6, 1, 9),
(235, 6, 2, 1),
(236, 6, 2, 2),
(237, 6, 2, 3),
(238, 6, 2, 4),
(239, 6, 2, 5),
(240, 6, 2, 6),
(241, 6, 2, 7),
(242, 6, 2, 8),
(243, 6, 2, 9),
(244, 6, 3, 1),
(245, 6, 3, 2),
(246, 6, 3, 3),
(247, 6, 3, 4),
(248, 6, 3, 5),
(249, 6, 3, 6),
(250, 6, 3, 7),
(251, 6, 3, 8),
(252, 6, 3, 9),
(253, 6, 4, 1),
(254, 6, 4, 2),
(255, 6, 4, 3),
(256, 6, 4, 4),
(257, 6, 4, 5),
(258, 6, 4, 6),
(259, 6, 4, 7),
(260, 6, 4, 8),
(261, 6, 4, 9),
(262, 6, 5, 1),
(263, 6, 5, 2),
(264, 6, 5, 3),
(265, 6, 5, 4),
(266, 6, 5, 5),
(267, 6, 5, 6),
(268, 6, 5, 7),
(269, 6, 5, 8),
(270, 6, 5, 9),
(271, 7, 1, 1),
(272, 7, 1, 2),
(273, 7, 1, 3),
(274, 7, 1, 4),
(275, 7, 1, 5),
(276, 7, 1, 6),
(277, 7, 1, 7),
(278, 7, 1, 8),
(279, 7, 1, 9),
(280, 7, 2, 1),
(281, 7, 2, 2),
(282, 7, 2, 3),
(283, 7, 2, 4),
(284, 7, 2, 5),
(285, 7, 2, 6),
(286, 7, 2, 7),
(287, 7, 2, 8),
(288, 7, 2, 9),
(289, 7, 3, 1),
(290, 7, 3, 2),
(291, 7, 3, 3),
(292, 7, 3, 4),
(293, 7, 3, 5),
(294, 7, 3, 6),
(295, 7, 3, 7),
(296, 7, 3, 8),
(297, 7, 3, 9),
(298, 7, 4, 1),
(299, 7, 4, 2),
(300, 7, 4, 3),
(301, 7, 4, 4),
(302, 7, 4, 5),
(303, 7, 4, 6),
(304, 7, 4, 7),
(305, 7, 4, 8),
(306, 7, 4, 9),
(307, 7, 5, 1),
(308, 7, 5, 2),
(309, 7, 5, 3),
(310, 7, 5, 4),
(311, 7, 5, 5),
(312, 7, 5, 6),
(313, 7, 5, 7),
(314, 7, 5, 8),
(315, 7, 5, 9),
(316, 8, 1, 1),
(317, 8, 1, 2),
(318, 8, 1, 3),
(319, 8, 1, 4),
(320, 8, 1, 5),
(321, 8, 1, 6),
(322, 8, 1, 7),
(323, 8, 1, 8),
(324, 8, 1, 9),
(325, 8, 2, 1),
(326, 8, 2, 2),
(327, 8, 2, 3),
(328, 8, 2, 4),
(329, 8, 2, 5),
(330, 8, 2, 6),
(331, 8, 2, 7),
(332, 8, 2, 8),
(333, 8, 2, 9),
(334, 8, 3, 1),
(335, 8, 3, 2),
(336, 8, 3, 3),
(337, 8, 3, 4),
(338, 8, 3, 5),
(339, 8, 3, 6),
(340, 8, 3, 7),
(341, 8, 3, 8),
(342, 8, 3, 9),
(343, 8, 4, 1),
(344, 8, 4, 2),
(345, 8, 4, 3),
(346, 8, 4, 4),
(347, 8, 4, 5),
(348, 8, 4, 6),
(349, 8, 4, 7),
(350, 8, 4, 8),
(351, 8, 4, 9),
(352, 8, 5, 1),
(353, 8, 5, 2),
(354, 8, 5, 3),
(355, 8, 5, 4),
(356, 8, 5, 5),
(357, 8, 5, 6),
(358, 8, 5, 7),
(359, 8, 5, 8),
(360, 8, 5, 9),
(361, 9, 1, 1),
(362, 9, 1, 2),
(363, 9, 1, 3),
(364, 9, 1, 4),
(365, 9, 1, 5),
(366, 9, 1, 6),
(367, 9, 1, 7),
(368, 9, 1, 8),
(369, 9, 1, 9),
(370, 9, 2, 1),
(371, 9, 2, 2),
(372, 9, 2, 3),
(373, 9, 2, 4),
(374, 9, 2, 5),
(375, 9, 2, 6),
(376, 9, 2, 7),
(377, 9, 2, 8),
(378, 9, 2, 9),
(379, 9, 3, 1),
(380, 9, 3, 2),
(381, 9, 3, 3),
(382, 9, 3, 4),
(383, 9, 3, 5),
(384, 9, 3, 6),
(385, 9, 3, 7),
(386, 9, 3, 8),
(387, 9, 3, 9),
(388, 9, 4, 1),
(389, 9, 4, 2),
(390, 9, 4, 3),
(391, 9, 4, 4),
(392, 9, 4, 5),
(393, 9, 4, 6),
(394, 9, 4, 7),
(395, 9, 4, 8),
(396, 9, 4, 9),
(397, 9, 5, 1),
(398, 9, 5, 2),
(399, 9, 5, 3),
(400, 9, 5, 4),
(401, 9, 5, 5),
(402, 9, 5, 6),
(403, 9, 5, 7),
(404, 9, 5, 8),
(405, 9, 5, 9),
(406, 10, 1, 1),
(407, 10, 1, 2),
(408, 10, 1, 3),
(409, 10, 1, 4),
(410, 10, 1, 5),
(411, 10, 1, 6),
(412, 10, 1, 7),
(413, 10, 1, 8),
(414, 10, 1, 9),
(415, 10, 2, 1),
(416, 10, 2, 2),
(417, 10, 2, 3),
(418, 10, 2, 4),
(419, 10, 2, 5),
(420, 10, 2, 6),
(421, 10, 2, 7),
(422, 10, 2, 8),
(423, 10, 2, 9),
(424, 10, 3, 1),
(425, 10, 3, 2),
(426, 10, 3, 3),
(427, 10, 3, 4),
(428, 10, 3, 5),
(429, 10, 3, 6),
(430, 10, 3, 7),
(431, 10, 3, 8),
(432, 10, 3, 9),
(433, 10, 4, 1),
(434, 10, 4, 2),
(435, 10, 4, 3),
(436, 10, 4, 4),
(437, 10, 4, 5),
(438, 10, 4, 6),
(439, 10, 4, 7),
(440, 10, 4, 8),
(441, 10, 4, 9),
(442, 10, 5, 1),
(443, 10, 5, 2),
(444, 10, 5, 3),
(445, 10, 5, 4),
(446, 10, 5, 5),
(447, 10, 5, 6),
(448, 10, 5, 7),
(449, 10, 5, 8),
(450, 10, 5, 9),
(451, 11, 1, 1),
(452, 11, 1, 2),
(453, 11, 1, 3),
(454, 11, 1, 4),
(455, 11, 1, 5),
(456, 11, 1, 6),
(457, 11, 1, 7),
(458, 11, 1, 8),
(459, 11, 1, 9),
(460, 11, 2, 1),
(461, 11, 2, 2),
(462, 11, 2, 3),
(463, 11, 2, 4),
(464, 11, 2, 5),
(465, 11, 2, 6),
(466, 11, 2, 7),
(467, 11, 2, 8),
(468, 11, 2, 9),
(469, 11, 3, 1),
(470, 11, 3, 2),
(471, 11, 3, 3),
(472, 11, 3, 4),
(473, 11, 3, 5),
(474, 11, 3, 6),
(475, 11, 3, 7),
(476, 11, 3, 8),
(477, 11, 3, 9),
(478, 11, 4, 1),
(479, 11, 4, 2),
(480, 11, 4, 3),
(481, 11, 4, 4),
(482, 11, 4, 5),
(483, 11, 4, 6),
(484, 11, 4, 7),
(485, 11, 4, 8),
(486, 11, 4, 9),
(487, 11, 5, 1),
(488, 11, 5, 2),
(489, 11, 5, 3),
(490, 11, 5, 4),
(491, 11, 5, 5),
(492, 11, 5, 6),
(493, 11, 5, 7),
(494, 11, 5, 8),
(495, 11, 5, 9),
(496, 12, 1, 1),
(497, 12, 1, 2),
(498, 12, 1, 3),
(499, 12, 1, 4),
(500, 12, 1, 5),
(501, 12, 1, 6),
(502, 12, 1, 7),
(503, 12, 1, 8),
(504, 12, 1, 9),
(505, 12, 2, 1),
(506, 12, 2, 2),
(507, 12, 2, 3),
(508, 12, 2, 4),
(509, 12, 2, 5),
(510, 12, 2, 6),
(511, 12, 2, 7),
(512, 12, 2, 8),
(513, 12, 2, 9),
(514, 12, 3, 1),
(515, 12, 3, 2),
(516, 12, 3, 3),
(517, 12, 3, 4),
(518, 12, 3, 5),
(519, 12, 3, 6),
(520, 12, 3, 7),
(521, 12, 3, 8),
(522, 12, 3, 9),
(523, 12, 4, 1),
(524, 12, 4, 2),
(525, 12, 4, 3),
(526, 12, 4, 4),
(527, 12, 4, 5),
(528, 12, 4, 6),
(529, 12, 4, 7),
(530, 12, 4, 8),
(531, 12, 4, 9),
(532, 12, 5, 1),
(533, 12, 5, 2),
(534, 12, 5, 3),
(535, 12, 5, 4),
(536, 12, 5, 5),
(537, 12, 5, 6),
(538, 12, 5, 7),
(539, 12, 5, 8),
(540, 12, 5, 9),
(541, 13, 1, 1),
(542, 13, 1, 2),
(543, 13, 1, 3),
(544, 13, 1, 4),
(545, 13, 1, 5),
(546, 13, 1, 6),
(547, 13, 1, 7),
(548, 13, 1, 8),
(549, 13, 1, 9),
(550, 13, 2, 1),
(551, 13, 2, 2),
(552, 13, 2, 3),
(553, 13, 2, 4),
(554, 13, 2, 5),
(555, 13, 2, 6),
(556, 13, 2, 7),
(557, 13, 2, 8),
(558, 13, 2, 9),
(559, 13, 3, 1),
(560, 13, 3, 2),
(561, 13, 3, 3),
(562, 13, 3, 4),
(563, 13, 3, 5),
(564, 13, 3, 6),
(565, 13, 3, 7),
(566, 13, 3, 8),
(567, 13, 3, 9),
(568, 13, 4, 1),
(569, 13, 4, 2),
(570, 13, 4, 3),
(571, 13, 4, 4),
(572, 13, 4, 5),
(573, 13, 4, 6),
(574, 13, 4, 7),
(575, 13, 4, 8),
(576, 13, 4, 9),
(577, 13, 5, 1),
(578, 13, 5, 2),
(579, 13, 5, 3),
(580, 13, 5, 4),
(581, 13, 5, 5),
(582, 13, 5, 6),
(583, 13, 5, 7),
(584, 13, 5, 8),
(585, 13, 5, 9),
(586, 14, 1, 1),
(587, 14, 1, 2),
(588, 14, 1, 3),
(589, 14, 1, 4),
(590, 14, 1, 5),
(591, 14, 1, 6),
(592, 14, 1, 7),
(593, 14, 1, 8),
(594, 14, 1, 9),
(595, 14, 2, 1),
(596, 14, 2, 2),
(597, 14, 2, 3),
(598, 14, 2, 4),
(599, 14, 2, 5),
(600, 14, 2, 6),
(601, 14, 2, 7),
(602, 14, 2, 8),
(603, 14, 2, 9),
(604, 14, 3, 1),
(605, 14, 3, 2),
(606, 14, 3, 3),
(607, 14, 3, 4),
(608, 14, 3, 5),
(609, 14, 3, 6),
(610, 14, 3, 7),
(611, 14, 3, 8),
(612, 14, 3, 9),
(613, 14, 4, 1),
(614, 14, 4, 2),
(615, 14, 4, 3),
(616, 14, 4, 4),
(617, 14, 4, 5),
(618, 14, 4, 6),
(619, 14, 4, 7),
(620, 14, 4, 8),
(621, 14, 4, 9),
(622, 14, 5, 1),
(623, 14, 5, 2),
(624, 14, 5, 3),
(625, 14, 5, 4),
(626, 14, 5, 5),
(627, 14, 5, 6),
(628, 14, 5, 7),
(629, 14, 5, 8),
(630, 14, 5, 9),
(631, 15, 1, 1),
(632, 15, 1, 2),
(633, 15, 1, 3),
(634, 15, 1, 4),
(635, 15, 1, 5),
(636, 15, 1, 6),
(637, 15, 1, 7),
(638, 15, 1, 8),
(639, 15, 1, 9),
(640, 15, 2, 1),
(641, 15, 2, 2),
(642, 15, 2, 3),
(643, 15, 2, 4),
(644, 15, 2, 5),
(645, 15, 2, 6),
(646, 15, 2, 7),
(647, 15, 2, 8),
(648, 15, 2, 9),
(649, 15, 3, 1),
(650, 15, 3, 2),
(651, 15, 3, 3),
(652, 15, 3, 4),
(653, 15, 3, 5),
(654, 15, 3, 6),
(655, 15, 3, 7),
(656, 15, 3, 8),
(657, 15, 3, 9),
(658, 15, 4, 1),
(659, 15, 4, 2),
(660, 15, 4, 3),
(661, 15, 4, 4),
(662, 15, 4, 5),
(663, 15, 4, 6),
(664, 15, 4, 7),
(665, 15, 4, 8),
(666, 15, 4, 9),
(667, 15, 5, 1),
(668, 15, 5, 2),
(669, 15, 5, 3),
(670, 15, 5, 4),
(671, 15, 5, 5),
(672, 15, 5, 6),
(673, 15, 5, 7),
(674, 15, 5, 8),
(675, 15, 5, 9),
(676, 16, 1, 1),
(677, 16, 1, 2),
(678, 16, 1, 3),
(679, 16, 1, 4),
(680, 16, 1, 5),
(681, 16, 1, 6),
(682, 16, 1, 7),
(683, 16, 1, 8),
(684, 16, 1, 9),
(685, 16, 2, 1),
(686, 16, 2, 2),
(687, 16, 2, 3),
(688, 16, 2, 4),
(689, 16, 2, 5),
(690, 16, 2, 6),
(691, 16, 2, 7),
(692, 16, 2, 8),
(693, 16, 2, 9),
(694, 16, 3, 1),
(695, 16, 3, 2),
(696, 16, 3, 3),
(697, 16, 3, 4),
(698, 16, 3, 5),
(699, 16, 3, 6),
(700, 16, 3, 7),
(701, 16, 3, 8),
(702, 16, 3, 9),
(703, 16, 4, 1),
(704, 16, 4, 2),
(705, 16, 4, 3),
(706, 16, 4, 4),
(707, 16, 4, 5),
(708, 16, 4, 6),
(709, 16, 4, 7),
(710, 16, 4, 8),
(711, 16, 4, 9),
(712, 16, 5, 1),
(713, 16, 5, 2),
(714, 16, 5, 3),
(715, 16, 5, 4),
(716, 16, 5, 5),
(717, 16, 5, 6),
(718, 16, 5, 7),
(719, 16, 5, 8),
(720, 16, 5, 9),
(721, 17, 1, 1),
(722, 17, 1, 2),
(723, 17, 1, 3),
(724, 17, 1, 4),
(725, 17, 1, 5),
(726, 17, 1, 6),
(727, 17, 1, 7),
(728, 17, 1, 8),
(729, 17, 1, 9),
(730, 17, 2, 1),
(731, 17, 2, 2),
(732, 17, 2, 3),
(733, 17, 2, 4),
(734, 17, 2, 5),
(735, 17, 2, 6),
(736, 17, 2, 7),
(737, 17, 2, 8),
(738, 17, 2, 9),
(739, 17, 3, 1),
(740, 17, 3, 2),
(741, 17, 3, 3),
(742, 17, 3, 4),
(743, 17, 3, 5),
(744, 17, 3, 6),
(745, 17, 3, 7),
(746, 17, 3, 8),
(747, 17, 3, 9),
(748, 17, 4, 1),
(749, 17, 4, 2),
(750, 17, 4, 3),
(751, 17, 4, 4),
(752, 17, 4, 5),
(753, 17, 4, 6),
(754, 17, 4, 7),
(755, 17, 4, 8),
(756, 17, 4, 9),
(757, 17, 5, 1),
(758, 17, 5, 2),
(759, 17, 5, 3),
(760, 17, 5, 4),
(761, 17, 5, 5),
(762, 17, 5, 6),
(763, 17, 5, 7),
(764, 17, 5, 8),
(765, 17, 5, 9),
(766, 18, 1, 1),
(767, 18, 1, 2),
(768, 18, 1, 3),
(769, 18, 1, 4),
(770, 18, 1, 5),
(771, 18, 1, 6),
(772, 18, 1, 7),
(773, 18, 1, 8),
(774, 18, 1, 9),
(775, 18, 2, 1),
(776, 18, 2, 2),
(777, 18, 2, 3),
(778, 18, 2, 4),
(779, 18, 2, 5),
(780, 18, 2, 6),
(781, 18, 2, 7),
(782, 18, 2, 8),
(783, 18, 2, 9),
(784, 18, 3, 1),
(785, 18, 3, 2),
(786, 18, 3, 3),
(787, 18, 3, 4),
(788, 18, 3, 5),
(789, 18, 3, 6),
(790, 18, 3, 7),
(791, 18, 3, 8),
(792, 18, 3, 9),
(793, 18, 4, 1),
(794, 18, 4, 2),
(795, 18, 4, 3),
(796, 18, 4, 4),
(797, 18, 4, 5),
(798, 18, 4, 6),
(799, 18, 4, 7),
(800, 18, 4, 8),
(801, 18, 4, 9),
(802, 18, 5, 1),
(803, 18, 5, 2),
(804, 18, 5, 3),
(805, 18, 5, 4),
(806, 18, 5, 5),
(807, 18, 5, 6),
(808, 18, 5, 7),
(809, 18, 5, 8),
(810, 18, 5, 9),
(811, 19, 1, 1),
(812, 19, 1, 2),
(813, 19, 1, 3),
(814, 19, 1, 4),
(815, 19, 1, 5),
(816, 19, 1, 6),
(817, 19, 1, 7),
(818, 19, 1, 8),
(819, 19, 1, 9),
(820, 19, 2, 1),
(821, 19, 2, 2),
(822, 19, 2, 3),
(823, 19, 2, 4),
(824, 19, 2, 5),
(825, 19, 2, 6),
(826, 19, 2, 7),
(827, 19, 2, 8),
(828, 19, 2, 9),
(829, 19, 3, 1),
(830, 19, 3, 2),
(831, 19, 3, 3),
(832, 19, 3, 4),
(833, 19, 3, 5),
(834, 19, 3, 6),
(835, 19, 3, 7),
(836, 19, 3, 8),
(837, 19, 3, 9),
(838, 19, 4, 1),
(839, 19, 4, 2),
(840, 19, 4, 3),
(841, 19, 4, 4),
(842, 19, 4, 5),
(843, 19, 4, 6),
(844, 19, 4, 7),
(845, 19, 4, 8),
(846, 19, 4, 9),
(847, 19, 5, 1),
(848, 19, 5, 2),
(849, 19, 5, 3),
(850, 19, 5, 4),
(851, 19, 5, 5),
(852, 19, 5, 6),
(853, 19, 5, 7),
(854, 19, 5, 8),
(855, 19, 5, 9);

-- --------------------------------------------------------

--
-- Table structure for table `Week_Date`
--

CREATE TABLE IF NOT EXISTS `Week_Date` (
  `Week_Com` int(20) NOT NULL,
  `Slot_ID` int(5) NOT NULL,
  `Is_Recess` int(1) NOT NULL DEFAULT '0'
) ENGINE=InnoDB DEFAULT CHARSET=latin1;

--
-- Dumping data for table `Week_Date`
--

INSERT INTO `Week_Date` (`Week_Com`, `Slot_ID`, `Is_Recess`) VALUES
(1422248400, 1, 0),
(1422853200, 46, 0),
(1423458000, 91, 0),
(1424062800, 136, 0),
(1424667600, 181, 0),
(1425272400, 226, 0),
(1425873600, 271, 0),
(1426478400, 316, 1),
(1427083200, 361, 1),
(1427688000, 406, 1),
(1428292800, 451, 0),
(1428897600, 496, 0),
(1429502400, 541, 0),
(1430107200, 586, 0),
(1430712000, 631, 0),
(1431316800, 676, 0),
(1431921600, 721, 0),
(1432526400, 766, 0),
(1433131200, 811, 0);

-- --------------------------------------------------------

--
-- Table structure for table `Work_Experience`
--

CREATE TABLE IF NOT EXISTS `Work_Experience` (
`Experience_ID` int(5) NOT NULL,
  `Account_ID` int(5) NOT NULL,
  `Module_Code` varchar(8) DEFAULT NULL,
  `Experience_Description` varchar(300) NOT NULL,
  `Start_Date` date NOT NULL,
  `End_Date` date DEFAULT NULL,
  `Earnings` decimal(10,2) NOT NULL DEFAULT '0.00',
  `Worked_Hours` int(5) NOT NULL DEFAULT '0'
) ENGINE=InnoDB DEFAULT CHARSET=latin1;

--
-- Indexes for dumped tables
--

--
-- Indexes for table `Account_Data`
--
ALTER TABLE `Account_Data`
 ADD UNIQUE KEY `Account_ID` (`Account_ID`), ADD UNIQUE KEY `Username` (`Username`);

--
-- Indexes for table `Admin`
--
ALTER TABLE `Admin`
 ADD PRIMARY KEY (`Account_ID`);

--
-- Indexes for table `Allocations`
--
ALTER TABLE `Allocations`
 ADD PRIMARY KEY (`Allocation_ID`), ADD KEY `Session_ID` (`Session_ID`), ADD KEY `Account_ID` (`Account_ID`), ADD KEY `Status` (`Status`);

--
-- Indexes for table `Lab_Requirements`
--
ALTER TABLE `Lab_Requirements`
 ADD PRIMARY KEY (`Lab_ID`), ADD KEY `Account_ID` (`Account_ID`), ADD KEY `Type` (`Type`), ADD KEY `Module` (`Module`);

--
-- Indexes for table `Lab_Timetable`
--
ALTER TABLE `Lab_Timetable`
 ADD PRIMARY KEY (`Session_ID`), ADD UNIQUE KEY `Lab_ID` (`Lab_ID`,`Slot_ID`), ADD KEY `Slot_ID` (`Slot_ID`);

--
-- Indexes for table `Leader_Module`
--
ALTER TABLE `Leader_Module`
 ADD PRIMARY KEY (`Leader_Mod_ID`), ADD UNIQUE KEY `Module_Code` (`Module_Code`), ADD KEY `Module_ID` (`Module_Code`), ADD KEY `Account_ID` (`Account_ID`);

--
-- Indexes for table `Modules`
--
ALTER TABLE `Modules`
 ADD PRIMARY KEY (`Module_Code`);

--
-- Indexes for table `Module_Leaders`
--
ALTER TABLE `Module_Leaders`
 ADD PRIMARY KEY (`Account_ID`);

--
-- Indexes for table `Notifications`
--
ALTER TABLE `Notifications`
 ADD PRIMARY KEY (`Account_ID`,`Message`);

--
-- Indexes for table `Pay_Data`
--
ALTER TABLE `Pay_Data`
 ADD PRIMARY KEY (`Type`);

--
-- Indexes for table `Pending_Swaps`
--
ALTER TABLE `Pending_Swaps`
 ADD PRIMARY KEY (`Request_ID`), ADD KEY `Account_ID` (`Account_ID`), ADD KEY `Session_ID` (`Session_ID`);

--
-- Indexes for table `PHD_Availability`
--
ALTER TABLE `PHD_Availability`
 ADD PRIMARY KEY (`Account_ID`);

--
-- Indexes for table `PHD_Students`
--
ALTER TABLE `PHD_Students`
 ADD PRIMARY KEY (`Account_ID`), ADD KEY `Status` (`Status`), ADD KEY `Supervisor` (`Supervisor`);

--
-- Indexes for table `Status_Definitions`
--
ALTER TABLE `Status_Definitions`
 ADD PRIMARY KEY (`Status`);

--
-- Indexes for table `Supervisors`
--
ALTER TABLE `Supervisors`
 ADD PRIMARY KEY (`Account_ID`);

--
-- Indexes for table `Swaps`
--
ALTER TABLE `Swaps`
 ADD PRIMARY KEY (`Allocation_ID`,`Time`), ADD KEY `Alternative_1` (`Alternative_1`), ADD KEY `Alternative_2` (`Alternative_2`), ADD KEY `Satus` (`Satus`);

--
-- Indexes for table `Tech_Staff`
--
ALTER TABLE `Tech_Staff`
 ADD PRIMARY KEY (`Account_ID`);

--
-- Indexes for table `Time_Slots`
--
ALTER TABLE `Time_Slots`
 ADD PRIMARY KEY (`Slot_ID`);

--
-- Indexes for table `Week_Date`
--
ALTER TABLE `Week_Date`
 ADD PRIMARY KEY (`Week_Com`), ADD KEY `Slot_ID` (`Slot_ID`);

--
-- Indexes for table `Work_Experience`
--
ALTER TABLE `Work_Experience`
 ADD PRIMARY KEY (`Experience_ID`), ADD KEY `Module_ID` (`Module_Code`), ADD KEY `Account_ID` (`Account_ID`);

--
-- AUTO_INCREMENT for dumped tables
--

--
-- AUTO_INCREMENT for table `Account_Data`
--
ALTER TABLE `Account_Data`
MODIFY `Account_ID` int(5) NOT NULL AUTO_INCREMENT,AUTO_INCREMENT=501;
--
-- AUTO_INCREMENT for table `Allocations`
--
ALTER TABLE `Allocations`
MODIFY `Allocation_ID` int(5) NOT NULL AUTO_INCREMENT,AUTO_INCREMENT=3265;
--
-- AUTO_INCREMENT for table `Lab_Requirements`
--
ALTER TABLE `Lab_Requirements`
MODIFY `Lab_ID` int(5) NOT NULL AUTO_INCREMENT,AUTO_INCREMENT=553;
--
-- AUTO_INCREMENT for table `Lab_Timetable`
--
ALTER TABLE `Lab_Timetable`
MODIFY `Session_ID` int(11) NOT NULL AUTO_INCREMENT,AUTO_INCREMENT=517;
--
-- AUTO_INCREMENT for table `Leader_Module`
--
ALTER TABLE `Leader_Module`
MODIFY `Leader_Mod_ID` int(5) NOT NULL AUTO_INCREMENT,AUTO_INCREMENT=73;
--
-- AUTO_INCREMENT for table `Work_Experience`
--
ALTER TABLE `Work_Experience`
MODIFY `Experience_ID` int(5) NOT NULL AUTO_INCREMENT;
--
-- Constraints for dumped tables
--

--
-- Constraints for table `Admin`
--
ALTER TABLE `Admin`
ADD CONSTRAINT `Admin_ibfk_1` FOREIGN KEY (`Account_ID`) REFERENCES `Account_Data` (`Account_ID`) ON DELETE CASCADE ON UPDATE CASCADE;

--
-- Constraints for table `Allocations`
--
ALTER TABLE `Allocations`
ADD CONSTRAINT `Allocations_ibfk_1` FOREIGN KEY (`Account_ID`) REFERENCES `PHD_Students` (`Account_ID`) ON DELETE CASCADE ON UPDATE CASCADE,
ADD CONSTRAINT `Allocations_ibfk_3` FOREIGN KEY (`Status`) REFERENCES `Status_Definitions` (`Status`) ON DELETE NO ACTION ON UPDATE NO ACTION,
ADD CONSTRAINT `Allocations_ibfk_4` FOREIGN KEY (`Session_ID`) REFERENCES `Lab_Timetable` (`Session_ID`) ON DELETE CASCADE ON UPDATE CASCADE;

--
-- Constraints for table `Lab_Requirements`
--
ALTER TABLE `Lab_Requirements`
ADD CONSTRAINT `Lab_Requirements_ibfk_1` FOREIGN KEY (`Account_ID`) REFERENCES `Module_Leaders` (`Account_ID`) ON DELETE NO ACTION ON UPDATE CASCADE,
ADD CONSTRAINT `Lab_Requirements_ibfk_2` FOREIGN KEY (`Type`) REFERENCES `Pay_Data` (`Type`) ON DELETE CASCADE ON UPDATE CASCADE,
ADD CONSTRAINT `Lab_Requirements_ibfk_3` FOREIGN KEY (`Module`) REFERENCES `Modules` (`Module_Code`) ON DELETE CASCADE ON UPDATE CASCADE;

--
-- Constraints for table `Lab_Timetable`
--
ALTER TABLE `Lab_Timetable`
ADD CONSTRAINT `Lab_Timetable_ibfk_1` FOREIGN KEY (`Lab_ID`) REFERENCES `Lab_Requirements` (`Lab_ID`) ON DELETE CASCADE ON UPDATE CASCADE,
ADD CONSTRAINT `Lab_Timetable_ibfk_2` FOREIGN KEY (`Slot_ID`) REFERENCES `Time_Slots` (`Slot_ID`) ON DELETE CASCADE ON UPDATE CASCADE;

--
-- Constraints for table `Leader_Module`
--
ALTER TABLE `Leader_Module`
ADD CONSTRAINT `Leader_Module_ibfk_1` FOREIGN KEY (`Module_Code`) REFERENCES `Modules` (`Module_Code`) ON DELETE CASCADE ON UPDATE CASCADE,
ADD CONSTRAINT `Leader_Module_ibfk_2` FOREIGN KEY (`Account_ID`) REFERENCES `Module_Leaders` (`Account_ID`) ON DELETE CASCADE ON UPDATE CASCADE;

--
-- Constraints for table `Module_Leaders`
--
ALTER TABLE `Module_Leaders`
ADD CONSTRAINT `Module_Leaders_ibfk_1` FOREIGN KEY (`Account_ID`) REFERENCES `Account_Data` (`Account_ID`) ON DELETE CASCADE ON UPDATE CASCADE;

--
-- Constraints for table `Notifications`
--
ALTER TABLE `Notifications`
ADD CONSTRAINT `Notifications_ibfk_1` FOREIGN KEY (`Account_ID`) REFERENCES `Account_Data` (`Account_ID`) ON DELETE NO ACTION ON UPDATE NO ACTION;

--
-- Constraints for table `Pending_Swaps`
--
ALTER TABLE `Pending_Swaps`
ADD CONSTRAINT `Pending_Swaps_ibfk_2` FOREIGN KEY (`Session_ID`) REFERENCES `Lab_Timetable` (`Session_ID`),
ADD CONSTRAINT `Pending_Swaps_ibfk_1` FOREIGN KEY (`Account_ID`) REFERENCES `PHD_Students` (`Account_ID`) ON DELETE NO ACTION ON UPDATE NO ACTION;

--
-- Constraints for table `PHD_Availability`
--
ALTER TABLE `PHD_Availability`
ADD CONSTRAINT `PHD_Availability_ibfk_1` FOREIGN KEY (`Account_ID`) REFERENCES `PHD_Students` (`Account_ID`) ON DELETE NO ACTION ON UPDATE NO ACTION;

--
-- Constraints for table `PHD_Students`
--
ALTER TABLE `PHD_Students`
ADD CONSTRAINT `PHD_Students_ibfk_1` FOREIGN KEY (`Account_ID`) REFERENCES `Account_Data` (`Account_ID`) ON DELETE CASCADE ON UPDATE CASCADE,
ADD CONSTRAINT `PHD_Students_ibfk_2` FOREIGN KEY (`Status`) REFERENCES `Status_Definitions` (`Status`),
ADD CONSTRAINT `PHD_Students_ibfk_3` FOREIGN KEY (`Supervisor`) REFERENCES `Supervisors` (`Account_ID`) ON DELETE CASCADE ON UPDATE CASCADE;

--
-- Constraints for table `Supervisors`
--
ALTER TABLE `Supervisors`
ADD CONSTRAINT `Supervisors_ibfk_1` FOREIGN KEY (`Account_ID`) REFERENCES `Account_Data` (`Account_ID`) ON DELETE CASCADE ON UPDATE CASCADE;

--
-- Constraints for table `Swaps`
--
ALTER TABLE `Swaps`
ADD CONSTRAINT `Swaps_ibfk_1` FOREIGN KEY (`Allocation_ID`) REFERENCES `Allocations` (`Allocation_ID`) ON DELETE CASCADE ON UPDATE CASCADE,
ADD CONSTRAINT `Swaps_ibfk_2` FOREIGN KEY (`Alternative_1`) REFERENCES `PHD_Students` (`Account_ID`) ON DELETE NO ACTION ON UPDATE NO ACTION,
ADD CONSTRAINT `Swaps_ibfk_3` FOREIGN KEY (`Alternative_2`) REFERENCES `PHD_Students` (`Account_ID`) ON DELETE NO ACTION ON UPDATE NO ACTION,
ADD CONSTRAINT `Swaps_ibfk_4` FOREIGN KEY (`Satus`) REFERENCES `Status_Definitions` (`Status`) ON DELETE NO ACTION ON UPDATE NO ACTION;

--
-- Constraints for table `Tech_Staff`
--
ALTER TABLE `Tech_Staff`
ADD CONSTRAINT `Tech_ibfk_1` FOREIGN KEY (`Account_ID`) REFERENCES `Account_Data` (`Account_ID`) ON DELETE CASCADE ON UPDATE CASCADE;

--
-- Constraints for table `Week_Date`
--
ALTER TABLE `Week_Date`
ADD CONSTRAINT `Week_Date_ibfk_1` FOREIGN KEY (`Slot_ID`) REFERENCES `Time_Slots` (`Slot_ID`) ON DELETE CASCADE ON UPDATE CASCADE;

--
-- Constraints for table `Work_Experience`
--
ALTER TABLE `Work_Experience`
ADD CONSTRAINT `Work_Experience_ibfk_1` FOREIGN KEY (`Account_ID`) REFERENCES `PHD_Students` (`Account_ID`) ON DELETE CASCADE ON UPDATE CASCADE,
ADD CONSTRAINT `Work_Experience_ibfk_2` FOREIGN KEY (`Module_Code`) REFERENCES `Modules` (`Module_Code`) ON DELETE NO ACTION ON UPDATE CASCADE;

/*!40101 SET CHARACTER_SET_CLIENT=@OLD_CHARACTER_SET_CLIENT */;
/*!40101 SET CHARACTER_SET_RESULTS=@OLD_CHARACTER_SET_RESULTS */;
/*!40101 SET COLLATION_CONNECTION=@OLD_COLLATION_CONNECTION */;
